Workbook

Sheet DIRECTIONS
A1: DIRECTIONS FOR SPREADSHEET USE
A2: MAKE SURE TO SAVE THIS SPREADSHEET AS A DIFFERENT NAME. | N2: Codes
N3: val | O3: valedictorian
A4: This spreadsheet can handle up to 416 students. | N4: sal | O4: salutorian
A5: Cell E22 must be filled out with the number of students walking on Class Day | N5: scp | O5: student council president
N6: cp | O6: class president
N7: c1 | O7: class officer 1 - usual vp
A8: Eliminate all rows after the last name. | N8: c2 | O8: class officer 2 - usual treasurer
N9: c3 | O9: class officer 3 - usually secretary
N10: c4 | O10: class officer
N11: c5 | O11: class officer
N12: c6 | O12: class officer
A13: Notes: | G13: New for 2015 | N13: c7 | O13: class officer
A14: NO ROOM FOR BAND | G14: Copy the names into the Raw Name Splitter Worksheet | N14: c8 | O14: class officer
A15: MARHALS SIT ROW B | G15: Fill out cell E22 DO NOT Count class officers | N15: c9 | O15: class officer
A16: Officers sit in row A | G16: Follow the steps on the next pages | N16: c10 | O16: class officer
A17: Band sits behind the seniors in remainder of Lower Sections | G17: The spreadsheet is now ready for merging with the instruction sheet. | N17: c11 | O17: class officer
A18: This is designed for the band to sit on the stage. | N18: x | O18: student is not walking
A22: Number of students walking on Class Day: | E22: 263
E23: =ROUND(E22/2,0)-1 -> 131
E24: =E22-E23 -> 132

Sheet Raw Name Splitter
A1: Raw Names From Office | C1: First Name | D1: Middle Name | E1: Last Name | F1: Pronouncation
A2: Jillian Kate Abate | C2: =IF(ISERROR( FIND(",",TRIM(A2))),LEFT(TRIM(A2), FIND(" ",TRIM(A2))-1),MID(TRIM(A2),LEN(C2)+3,FIND(" ",TRIM(A2)&" ",LEN(C2)+3)-LEN(C2)-2)) -> Jillian | D2: =IF(ISERROR(FIND(",",TRIM(A2))),IF(LEN(TRIM(A2))-LEN(SUBSTITUTE(TRIM(A2)," ",""))=2,MID(TRIM(A2),LEN(C2)+2,FIND(" ",TRIM(A2),LEN(C2)+2)-LEN(C2)-2),""),MID(TRIM(A2),3+LEN(C2)+LEN(E2),30)) -> Kate | E2: =IF(ISERROR(FIND(",",TRIM(A2))),MID(TRIM(A2),1+LEN(TRIM(A2))-LEN(SUBSTITUTE(TRIM(A2)," ",""))+LEN(C2)+LEN(D2),30),LEFT(TRIM(A2), FIND(",",TRIM(A2))-1)) -> Abate | F2: a-bod-ee | H2: STEP 1: | I2: Paste Name List Into Column A
A3: Logan Ford Abrams | C3: =IF(ISERROR( FIND(",",TRIM(A3))),LEFT(TRIM(A3), FIND(" ",TRIM(A3))-1),MID(TRIM(A3),LEN(C3)+3,FIND(" ",TRIM(A3)&" ",LEN(C3)+3)-LEN(C3)-2)) -> Logan | D3: =IF(ISERROR(FIND(",",TRIM(A3))),IF(LEN(TRIM(A3))-LEN(SUBSTITUTE(TRIM(A3)," ",""))=2,MID(TRIM(A3),LEN(C3)+2,FIND(" ",TRIM(A3),LEN(C3)+2)-LEN(C3)-2),""),MID(TRIM(A3),3+LEN(C3)+LEN(E3),30)) -> Ford | E3: =IF(ISERROR(FIND(",",TRIM(A3))),MID(TRIM(A3),1+LEN(TRIM(A3))-LEN(SUBSTITUTE(TRIM(A3)," ",""))+LEN(C3)+LEN(D3),30),LEFT(TRIM(A3), FIND(",",TRIM(A3))-1)) -> Abrams | H3: STEP 2: | I3: If there are spaces between the names in Column A, then Highlight all of the names and spaces, and click HOME, FIND&SELECT, GOTO, SPECIAL, BLANKS, and then Click DELETE or use CTRL+G, SPECIAL, BLANKS, then right click DELETE
A4: Raniya Abubakar | C4: =IF(ISERROR( FIND(",",TRIM(A4))),LEFT(TRIM(A4), FIND(" ",TRIM(A4))-1),MID(TRIM(A4),LEN(C4)+3,FIND(" ",TRIM(A4)&" ",LEN(C4)+3)-LEN(C4)-2)) -> Raniya | D4: =IF(ISERROR(FIND(",",TRIM(A4))),IF(LEN(TRIM(A4))-LEN(SUBSTITUTE(TRIM(A4)," ",""))=2,MID(TRIM(A4),LEN(C4)+2,FIND(" ",TRIM(A4),LEN(C4)+2)-LEN(C4)-2),""),MID(TRIM(A4),3+LEN(C4)+LEN(E4),30)) | E4: =IF(ISERROR(FIND(",",TRIM(A4))),MID(TRIM(A4),1+LEN(TRIM(A4))-LEN(SUBSTITUTE(TRIM(A4)," ",""))+LEN(C4)+LEN(D4),30),LEFT(TRIM(A4), FIND(",",TRIM(A4))-1)) -> Abubakar | F4: Raw-knee-yuh Uh-boo-buh-ker
A5: Luis Aburto Campos | C5: =IF(ISERROR( FIND(",",TRIM(A5))),LEFT(TRIM(A5), FIND(" ",TRIM(A5))-1),MID(TRIM(A5),LEN(C5)+3,FIND(" ",TRIM(A5)&" ",LEN(C5)+3)-LEN(C5)-2)) -> Luis | E5: Aburto Campos | F5: Lou eese Aburto Campos | H5: STEP 3: | I5: Fix Miss Spaced Names
A6: Devyn Ahlert | C6: =IF(ISERROR( FIND(",",TRIM(A6))),LEFT(TRIM(A6), FIND(" ",TRIM(A6))-1),MID(TRIM(A6),LEN(C6)+3,FIND(" ",TRIM(A6)&" ",LEN(C6)+3)-LEN(C6)-2)) -> Devyn | D6: =IF(ISERROR(FIND(",",TRIM(A6))),IF(LEN(TRIM(A6))-LEN(SUBSTITUTE(TRIM(A6)," ",""))=2,MID(TRIM(A6),LEN(C6)+2,FIND(" ",TRIM(A6),LEN(C6)+2)-LEN(C6)-2),""),MID(TRIM(A6),3+LEN(C6)+LEN(E6),30)) | E6: =IF(ISERROR(FIND(",",TRIM(A6))),MID(TRIM(A6),1+LEN(TRIM(A6))-LEN(SUBSTITUTE(TRIM(A6)," ",""))+LEN(C6)+LEN(D6),30),LEFT(TRIM(A6), FIND(",",TRIM(A6))-1)) -> Ahlert | F6: Dev-in AL-ert
A7: Alexander Aiello | C7: =IF(ISERROR( FIND(",",TRIM(A7))),LEFT(TRIM(A7), FIND(" ",TRIM(A7))-1),MID(TRIM(A7),LEN(C7)+3,FIND(" ",TRIM(A7)&" ",LEN(C7)+3)-LEN(C7)-2)) -> Alexander | D7: =IF(ISERROR(FIND(",",TRIM(A7))),IF(LEN(TRIM(A7))-LEN(SUBSTITUTE(TRIM(A7)," ",""))=2,MID(TRIM(A7),LEN(C7)+2,FIND(" ",TRIM(A7),LEN(C7)+2)-LEN(C7)-2),""),MID(TRIM(A7),3+LEN(C7)+LEN(E7),30)) | E7: =IF(ISERROR(FIND(",",TRIM(A7))),MID(TRIM(A7),1+LEN(TRIM(A7))-LEN(SUBSTITUTE(TRIM(A7)," ",""))+LEN(C7)+LEN(D7),30),LEFT(TRIM(A7), FIND(",",TRIM(A7))-1)) -> Aiello | F7: Aiello (I-L-O)
A8: Reese Allen | C8: =IF(ISERROR( FIND(",",TRIM(A8))),LEFT(TRIM(A8), FIND(" ",TRIM(A8))-1),MID(TRIM(A8),LEN(C8)+3,FIND(" ",TRIM(A8)&" ",LEN(C8)+3)-LEN(C8)-2)) -> Reese | D8: =IF(ISERROR(FIND(",",TRIM(A8))),IF(LEN(TRIM(A8))-LEN(SUBSTITUTE(TRIM(A8)," ",""))=2,MID(TRIM(A8),LEN(C8)+2,FIND(" ",TRIM(A8),LEN(C8)+2)-LEN(C8)-2),""),MID(TRIM(A8),3+LEN(C8)+LEN(E8),30)) | E8: =IF(ISERROR(FIND(",",TRIM(A8))),MID(TRIM(A8),1+LEN(TRIM(A8))-LEN(SUBSTITUTE(TRIM(A8)," ",""))+LEN(C8)+LEN(D8),30),LEFT(TRIM(A8), FIND(",",TRIM(A8))-1)) -> Allen | F8: Reese Allen
A9: Fabricio Amado | C9: =IF(ISERROR( FIND(",",TRIM(A9))),LEFT(TRIM(A9), FIND(" ",TRIM(A9))-1),MID(TRIM(A9),LEN(C9)+3,FIND(" ",TRIM(A9)&" ",LEN(C9)+3)-LEN(C9)-2)) -> Fabricio | D9: =IF(ISERROR(FIND(",",TRIM(A9))),IF(LEN(TRIM(A9))-LEN(SUBSTITUTE(TRIM(A9)," ",""))=2,MID(TRIM(A9),LEN(C9)+2,FIND(" ",TRIM(A9),LEN(C9)+2)-LEN(C9)-2),""),MID(TRIM(A9),3+LEN(C9)+LEN(E9),30)) | E9: =IF(ISERROR(FIND(",",TRIM(A9))),MID(TRIM(A9),1+LEN(TRIM(A9))-LEN(SUBSTITUTE(TRIM(A9)," ",""))+LEN(C9)+LEN(D9),30),LEFT(TRIM(A9), FIND(",",TRIM(A9))-1)) -> Amado | F9: Fah-bree-cee-oh Ah-mod-oh
A10: Joseph Amirault | C10: =IF(ISERROR( FIND(",",TRIM(A10))),LEFT(TRIM(A10), FIND(" ",TRIM(A10))-1),MID(TRIM(A10),LEN(C10)+3,FIND(" ",TRIM(A10)&" ",LEN(C10)+3)-LEN(C10)-2)) -> Joseph | D10: =IF(ISERROR(FIND(",",TRIM(A10))),IF(LEN(TRIM(A10))-LEN(SUBSTITUTE(TRIM(A10)," ",""))=2,MID(TRIM(A10),LEN(C10)+2,FIND(" ",TRIM(A10),LEN(C10)+2)-LEN(C10)-2),""),MID(TRIM(A10),3+LEN(C10)+LEN(E10),30)) | E10: =IF(ISERROR(FIND(",",TRIM(A10))),MID(TRIM(A10),1+LEN(TRIM(A10))-LEN(SUBSTITUTE(TRIM(A10)," ",""))+LEN(C10)+LEN(D10),30),LEFT(TRIM(A10), FIND(",",TRIM(A10))-1)) -> Amirault
A11: Brady Anderson | C11: =IF(ISERROR( FIND(",",TRIM(A11))),LEFT(TRIM(A11), FIND(" ",TRIM(A11))-1),MID(TRIM(A11),LEN(C11)+3,FIND(" ",TRIM(A11)&" ",LEN(C11)+3)-LEN(C11)-2)) -> Brady | D11: =IF(ISERROR(FIND(",",TRIM(A11))),IF(LEN(TRIM(A11))-LEN(SUBSTITUTE(TRIM(A11)," ",""))=2,MID(TRIM(A11),LEN(C11)+2,FIND(" ",TRIM(A11),LEN(C11)+2)-LEN(C11)-2),""),MID(TRIM(A11),3+LEN(C11)+LEN(E11),30)) | E11: =IF(ISERROR(FIND(",",TRIM(A11))),MID(TRIM(A11),1+LEN(TRIM(A11))-LEN(SUBSTITUTE(TRIM(A11)," ",""))+LEN(C11)+LEN(D11),30),LEFT(TRIM(A11), FIND(",",TRIM(A11))-1)) -> Anderson
A12: Barrington Anderson | C12: =IF(ISERROR( FIND(",",TRIM(A12))),LEFT(TRIM(A12), FIND(" ",TRIM(A12))-1),MID(TRIM(A12),LEN(C12)+3,FIND(" ",TRIM(A12)&" ",LEN(C12)+3)-LEN(C12)-2)) -> Barrington | D12: =IF(ISERROR(FIND(",",TRIM(A12))),IF(LEN(TRIM(A12))-LEN(SUBSTITUTE(TRIM(A12)," ",""))=2,MID(TRIM(A12),LEN(C12)+2,FIND(" ",TRIM(A12),LEN(C12)+2)-LEN(C12)-2),""),MID(TRIM(A12),3+LEN(C12)+LEN(E12),30)) | E12: =IF(ISERROR(FIND(",",TRIM(A12))),MID(TRIM(A12),1+LEN(TRIM(A12))-LEN(SUBSTITUTE(TRIM(A12)," ",""))+LEN(C12)+LEN(D12),30),LEFT(TRIM(A12), FIND(",",TRIM(A12))-1)) -> Anderson
A13: Isabella Aquino | C13: =IF(ISERROR( FIND(",",TRIM(A13))),LEFT(TRIM(A13), FIND(" ",TRIM(A13))-1),MID(TRIM(A13),LEN(C13)+3,FIND(" ",TRIM(A13)&" ",LEN(C13)+3)-LEN(C13)-2)) -> Isabella | D13: =IF(ISERROR(FIND(",",TRIM(A13))),IF(LEN(TRIM(A13))-LEN(SUBSTITUTE(TRIM(A13)," ",""))=2,MID(TRIM(A13),LEN(C13)+2,FIND(" ",TRIM(A13),LEN(C13)+2)-LEN(C13)-2),""),MID(TRIM(A13),3+LEN(C13)+LEN(E13),30)) | E13: =IF(ISERROR(FIND(",",TRIM(A13))),MID(TRIM(A13),1+LEN(TRIM(A13))-LEN(SUBSTITUTE(TRIM(A13)," ",""))+LEN(C13)+LEN(D13),30),LEFT(TRIM(A13), FIND(",",TRIM(A13))-1)) -> Aquino | F13: Isabell-uh Ah-kee-no
A14: Lucas Aquino | C14: =IF(ISERROR( FIND(",",TRIM(A14))),LEFT(TRIM(A14), FIND(" ",TRIM(A14))-1),MID(TRIM(A14),LEN(C14)+3,FIND(" ",TRIM(A14)&" ",LEN(C14)+3)-LEN(C14)-2)) -> Lucas | D14: =IF(ISERROR(FIND(",",TRIM(A14))),IF(LEN(TRIM(A14))-LEN(SUBSTITUTE(TRIM(A14)," ",""))=2,MID(TRIM(A14),LEN(C14)+2,FIND(" ",TRIM(A14),LEN(C14)+2)-LEN(C14)-2),""),MID(TRIM(A14),3+LEN(C14)+LEN(E14),30)) | E14: =IF(ISERROR(FIND(",",TRIM(A14))),MID(TRIM(A14),1+LEN(TRIM(A14))-LEN(SUBSTITUTE(TRIM(A14)," ",""))+LEN(C14)+LEN(D14),30),LEFT(TRIM(A14), FIND(",",TRIM(A14))-1)) -> Aquino
A15: Tiago Araujo | C15: =IF(ISERROR( FIND(",",TRIM(A15))),LEFT(TRIM(A15), FIND(" ",TRIM(A15))-1),MID(TRIM(A15),LEN(C15)+3,FIND(" ",TRIM(A15)&" ",LEN(C15)+3)-LEN(C15)-2)) -> Tiago | D15: =IF(ISERROR(FIND(",",TRIM(A15))),IF(LEN(TRIM(A15))-LEN(SUBSTITUTE(TRIM(A15)," ",""))=2,MID(TRIM(A15),LEN(C15)+2,FIND(" ",TRIM(A15),LEN(C15)+2)-LEN(C15)-2),""),MID(TRIM(A15),3+LEN(C15)+LEN(E15),30)) | E15: =IF(ISERROR(FIND(",",TRIM(A15))),MID(TRIM(A15),1+LEN(TRIM(A15))-LEN(SUBSTITUTE(TRIM(A15)," ",""))+LEN(C15)+LEN(D15),30),LEFT(TRIM(A15), FIND(",",TRIM(A15))-1)) -> Araujo | F15: TEE-ah-go AH-ra-joe
A16: Chloe Aretusi | C16: =IF(ISERROR( FIND(",",TRIM(A16))),LEFT(TRIM(A16), FIND(" ",TRIM(A16))-1),MID(TRIM(A16),LEN(C16)+3,FIND(" ",TRIM(A16)&" ",LEN(C16)+3)-LEN(C16)-2)) -> Chloe | D16: =IF(ISERROR(FIND(",",TRIM(A16))),IF(LEN(TRIM(A16))-LEN(SUBSTITUTE(TRIM(A16)," ",""))=2,MID(TRIM(A16),LEN(C16)+2,FIND(" ",TRIM(A16),LEN(C16)+2)-LEN(C16)-2),""),MID(TRIM(A16),3+LEN(C16)+LEN(E16),30)) | E16: =IF(ISERROR(FIND(",",TRIM(A16))),MID(TRIM(A16),1+LEN(TRIM(A16))-LEN(SUBSTITUTE(TRIM(A16)," ",""))+LEN(C16)+LEN(D16),30),LEFT(TRIM(A16), FIND(",",TRIM(A16))-1)) -> Aretusi | F16: ah-reh-toozy
A17: Evan Audley | C17: =IF(ISERROR( FIND(",",TRIM(A17))),LEFT(TRIM(A17), FIND(" ",TRIM(A17))-1),MID(TRIM(A17),LEN(C17)+3,FIND(" ",TRIM(A17)&" ",LEN(C17)+3)-LEN(C17)-2)) -> Evan | D17: =IF(ISERROR(FIND(",",TRIM(A17))),IF(LEN(TRIM(A17))-LEN(SUBSTITUTE(TRIM(A17)," ",""))=2,MID(TRIM(A17),LEN(C17)+2,FIND(" ",TRIM(A17),LEN(C17)+2)-LEN(C17)-2),""),MID(TRIM(A17),3+LEN(C17)+LEN(E17),30)) | E17: =IF(ISERROR(FIND(",",TRIM(A17))),MID(TRIM(A17),1+LEN(TRIM(A17))-LEN(SUBSTITUTE(TRIM(A17)," ",""))+LEN(C17)+LEN(D17),30),LEFT(TRIM(A17), FIND(",",TRIM(A17))-1)) -> Audley
A18: Natalie Austin | C18: =IF(ISERROR( FIND(",",TRIM(A18))),LEFT(TRIM(A18), FIND(" ",TRIM(A18))-1),MID(TRIM(A18),LEN(C18)+3,FIND(" ",TRIM(A18)&" ",LEN(C18)+3)-LEN(C18)-2)) -> Natalie | D18: =IF(ISERROR(FIND(",",TRIM(A18))),IF(LEN(TRIM(A18))-LEN(SUBSTITUTE(TRIM(A18)," ",""))=2,MID(TRIM(A18),LEN(C18)+2,FIND(" ",TRIM(A18),LEN(C18)+2)-LEN(C18)-2),""),MID(TRIM(A18),3+LEN(C18)+LEN(E18),30)) | E18: =IF(ISERROR(FIND(",",TRIM(A18))),MID(TRIM(A18),1+LEN(TRIM(A18))-LEN(SUBSTITUTE(TRIM(A18)," ",""))+LEN(C18)+LEN(D18),30),LEFT(TRIM(A18), FIND(",",TRIM(A18))-1)) -> Austin
A19: Vivian Balas | C19: =IF(ISERROR( FIND(",",TRIM(A19))),LEFT(TRIM(A19), FIND(" ",TRIM(A19))-1),MID(TRIM(A19),LEN(C19)+3,FIND(" ",TRIM(A19)&" ",LEN(C19)+3)-LEN(C19)-2)) -> Vivian | D19: =IF(ISERROR(FIND(",",TRIM(A19))),IF(LEN(TRIM(A19))-LEN(SUBSTITUTE(TRIM(A19)," ",""))=2,MID(TRIM(A19),LEN(C19)+2,FIND(" ",TRIM(A19),LEN(C19)+2)-LEN(C19)-2),""),MID(TRIM(A19),3+LEN(C19)+LEN(E19),30)) | E19: =IF(ISERROR(FIND(",",TRIM(A19))),MID(TRIM(A19),1+LEN(TRIM(A19))-LEN(SUBSTITUTE(TRIM(A19)," ",""))+LEN(C19)+LEN(D19),30),LEFT(TRIM(A19), FIND(",",TRIM(A19))-1)) -> Balas
A20: Kaua Batista | C20: =IF(ISERROR( FIND(",",TRIM(A20))),LEFT(TRIM(A20), FIND(" ",TRIM(A20))-1),MID(TRIM(A20),LEN(C20)+3,FIND(" ",TRIM(A20)&" ",LEN(C20)+3)-LEN(C20)-2)) -> Kaua | D20: =IF(ISERROR(FIND(",",TRIM(A20))),IF(LEN(TRIM(A20))-LEN(SUBSTITUTE(TRIM(A20)," ",""))=2,MID(TRIM(A20),LEN(C20)+2,FIND(" ",TRIM(A20),LEN(C20)+2)-LEN(C20)-2),""),MID(TRIM(A20),3+LEN(C20)+LEN(E20),30)) | E20: =IF(ISERROR(FIND(",",TRIM(A20))),MID(TRIM(A20),1+LEN(TRIM(A20))-LEN(SUBSTITUTE(TRIM(A20)," ",""))+LEN(C20)+LEN(D20),30),LEFT(TRIM(A20), FIND(",",TRIM(A20))-1)) -> Batista | F20: Quan
A21: Carson Beaulieu | C21: =IF(ISERROR( FIND(",",TRIM(A21))),LEFT(TRIM(A21), FIND(" ",TRIM(A21))-1),MID(TRIM(A21),LEN(C21)+3,FIND(" ",TRIM(A21)&" ",LEN(C21)+3)-LEN(C21)-2)) -> Carson | D21: =IF(ISERROR(FIND(",",TRIM(A21))),IF(LEN(TRIM(A21))-LEN(SUBSTITUTE(TRIM(A21)," ",""))=2,MID(TRIM(A21),LEN(C21)+2,FIND(" ",TRIM(A21),LEN(C21)+2)-LEN(C21)-2),""),MID(TRIM(A21),3+LEN(C21)+LEN(E21),30)) | E21: =IF(ISERROR(FIND(",",TRIM(A21))),MID(TRIM(A21),1+LEN(TRIM(A21))-LEN(SUBSTITUTE(TRIM(A21)," ",""))+LEN(C21)+LEN(D21),30),LEFT(TRIM(A21), FIND(",",TRIM(A21))-1)) -> Beaulieu | F21: Bowl-ee-oh
A22: Jahnai Belfon | C22: =IF(ISERROR( FIND(",",TRIM(A22))),LEFT(TRIM(A22), FIND(" ",TRIM(A22))-1),MID(TRIM(A22),LEN(C22)+3,FIND(" ",TRIM(A22)&" ",LEN(C22)+3)-LEN(C22)-2)) -> Jahnai | D22: =IF(ISERROR(FIND(",",TRIM(A22))),IF(LEN(TRIM(A22))-LEN(SUBSTITUTE(TRIM(A22)," ",""))=2,MID(TRIM(A22),LEN(C22)+2,FIND(" ",TRIM(A22),LEN(C22)+2)-LEN(C22)-2),""),MID(TRIM(A22),3+LEN(C22)+LEN(E22),30)) | E22: =IF(ISERROR(FIND(",",TRIM(A22))),MID(TRIM(A22),1+LEN(TRIM(A22))-LEN(SUBSTITUTE(TRIM(A22)," ",""))+LEN(C22)+LEN(D22),30),LEFT(TRIM(A22), FIND(",",TRIM(A22))-1)) -> Belfon | F22: Jah-nye
A23: Amelia Benedict | C23: =IF(ISERROR( FIND(",",TRIM(A23))),LEFT(TRIM(A23), FIND(" ",TRIM(A23))-1),MID(TRIM(A23),LEN(C23)+3,FIND(" ",TRIM(A23)&" ",LEN(C23)+3)-LEN(C23)-2)) -> Amelia | D23: =IF(ISERROR(FIND(",",TRIM(A23))),IF(LEN(TRIM(A23))-LEN(SUBSTITUTE(TRIM(A23)," ",""))=2,MID(TRIM(A23),LEN(C23)+2,FIND(" ",TRIM(A23),LEN(C23)+2)-LEN(C23)-2),""),MID(TRIM(A23),3+LEN(C23)+LEN(E23),30)) | E23: =IF(ISERROR(FIND(",",TRIM(A23))),MID(TRIM(A23),1+LEN(TRIM(A23))-LEN(SUBSTITUTE(TRIM(A23)," ",""))+LEN(C23)+LEN(D23),30),LEFT(TRIM(A23), FIND(",",TRIM(A23))-1)) -> Benedict
A24: Jamison Bentley | C24: =IF(ISERROR( FIND(",",TRIM(A24))),LEFT(TRIM(A24), FIND(" ",TRIM(A24))-1),MID(TRIM(A24),LEN(C24)+3,FIND(" ",TRIM(A24)&" ",LEN(C24)+3)-LEN(C24)-2)) -> Jamison | D24: =IF(ISERROR(FIND(",",TRIM(A24))),IF(LEN(TRIM(A24))-LEN(SUBSTITUTE(TRIM(A24)," ",""))=2,MID(TRIM(A24),LEN(C24)+2,FIND(" ",TRIM(A24),LEN(C24)+2)-LEN(C24)-2),""),MID(TRIM(A24),3+LEN(C24)+LEN(E24),30)) | E24: =IF(ISERROR(FIND(",",TRIM(A24))),MID(TRIM(A24),1+LEN(TRIM(A24))-LEN(SUBSTITUTE(TRIM(A24)," ",""))+LEN(C24)+LEN(D24),30),LEFT(TRIM(A24), FIND(",",TRIM(A24))-1)) -> Bentley
A25: Dhanya Bhola | C25: =IF(ISERROR( FIND(",",TRIM(A25))),LEFT(TRIM(A25), FIND(" ",TRIM(A25))-1),MID(TRIM(A25),LEN(C25)+3,FIND(" ",TRIM(A25)&" ",LEN(C25)+3)-LEN(C25)-2)) -> Dhanya | D25: =IF(ISERROR(FIND(",",TRIM(A25))),IF(LEN(TRIM(A25))-LEN(SUBSTITUTE(TRIM(A25)," ",""))=2,MID(TRIM(A25),LEN(C25)+2,FIND(" ",TRIM(A25),LEN(C25)+2)-LEN(C25)-2),""),MID(TRIM(A25),3+LEN(C25)+LEN(E25),30)) | E25: =IF(ISERROR(FIND(",",TRIM(A25))),MID(TRIM(A25),1+LEN(TRIM(A25))-LEN(SUBSTITUTE(TRIM(A25)," ",""))+LEN(C25)+LEN(D25),30),LEFT(TRIM(A25), FIND(",",TRIM(A25))-1)) -> Bhola | F25: D- anya
A26: Amelia Jane Borawski | C26: =IF(ISERROR( FIND(",",TRIM(A26))),LEFT(TRIM(A26), FIND(" ",TRIM(A26))-1),MID(TRIM(A26),LEN(C26)+3,FIND(" ",TRIM(A26)&" ",LEN(C26)+3)-LEN(C26)-2)) -> Amelia | D26: =IF(ISERROR(FIND(",",TRIM(A26))),IF(LEN(TRIM(A26))-LEN(SUBSTITUTE(TRIM(A26)," ",""))=2,MID(TRIM(A26),LEN(C26)+2,FIND(" ",TRIM(A26),LEN(C26)+2)-LEN(C26)-2),""),MID(TRIM(A26),3+LEN(C26)+LEN(E26),30)) -> Jane | E26: =IF(ISERROR(FIND(",",TRIM(A26))),MID(TRIM(A26),1+LEN(TRIM(A26))-LEN(SUBSTITUTE(TRIM(A26)," ",""))+LEN(C26)+LEN(D26),30),LEFT(TRIM(A26), FIND(",",TRIM(A26))-1)) -> Borawski
A27: Elizabeth Boucher | C27: =IF(ISERROR( FIND(",",TRIM(A27))),LEFT(TRIM(A27), FIND(" ",TRIM(A27))-1),MID(TRIM(A27),LEN(C27)+3,FIND(" ",TRIM(A27)&" ",LEN(C27)+3)-LEN(C27)-2)) -> Elizabeth | D27: =IF(ISERROR(FIND(",",TRIM(A27))),IF(LEN(TRIM(A27))-LEN(SUBSTITUTE(TRIM(A27)," ",""))=2,MID(TRIM(A27),LEN(C27)+2,FIND(" ",TRIM(A27),LEN(C27)+2)-LEN(C27)-2),""),MID(TRIM(A27),3+LEN(C27)+LEN(E27),30)) | E27: =IF(ISERROR(FIND(",",TRIM(A27))),MID(TRIM(A27),1+LEN(TRIM(A27))-LEN(SUBSTITUTE(TRIM(A27)," ",""))+LEN(C27)+LEN(D27),30),LEFT(TRIM(A27), FIND(",",TRIM(A27))-1)) -> Boucher | F27: BOO-SHAY
A28: Danielle Bowers | C28: =IF(ISERROR( FIND(",",TRIM(A28))),LEFT(TRIM(A28), FIND(" ",TRIM(A28))-1),MID(TRIM(A28),LEN(C28)+3,FIND(" ",TRIM(A28)&" ",LEN(C28)+3)-LEN(C28)-2)) -> Danielle | D28: =IF(ISERROR(FIND(",",TRIM(A28))),IF(LEN(TRIM(A28))-LEN(SUBSTITUTE(TRIM(A28)," ",""))=2,MID(TRIM(A28),LEN(C28)+2,FIND(" ",TRIM(A28),LEN(C28)+2)-LEN(C28)-2),""),MID(TRIM(A28),3+LEN(C28)+LEN(E28),30)) | E28: =IF(ISERROR(FIND(",",TRIM(A28))),MID(TRIM(A28),1+LEN(TRIM(A28))-LEN(SUBSTITUTE(TRIM(A28)," ",""))+LEN(C28)+LEN(D28),30),LEFT(TRIM(A28), FIND(",",TRIM(A28))-1)) -> Bowers
A29: Lucas Bowlin | C29: =IF(ISERROR( FIND(",",TRIM(A29))),LEFT(TRIM(A29), FIND(" ",TRIM(A29))-1),MID(TRIM(A29),LEN(C29)+3,FIND(" ",TRIM(A29)&" ",LEN(C29)+3)-LEN(C29)-2)) -> Lucas | D29: =IF(ISERROR(FIND(",",TRIM(A29))),IF(LEN(TRIM(A29))-LEN(SUBSTITUTE(TRIM(A29)," ",""))=2,MID(TRIM(A29),LEN(C29)+2,FIND(" ",TRIM(A29),LEN(C29)+2)-LEN(C29)-2),""),MID(TRIM(A29),3+LEN(C29)+LEN(E29),30)) | E29: =IF(ISERROR(FIND(",",TRIM(A29))),MID(TRIM(A29),1+LEN(TRIM(A29))-LEN(SUBSTITUTE(TRIM(A29)," ",""))+LEN(C29)+LEN(D29),30),LEFT(TRIM(A29), FIND(",",TRIM(A29))-1)) -> Bowlin | F29: bohl-in
A30: Indigo Boyko | C30: =IF(ISERROR( FIND(",",TRIM(A30))),LEFT(TRIM(A30), FIND(" ",TRIM(A30))-1),MID(TRIM(A30),LEN(C30)+3,FIND(" ",TRIM(A30)&" ",LEN(C30)+3)-LEN(C30)-2)) -> Indigo | D30: =IF(ISERROR(FIND(",",TRIM(A30))),IF(LEN(TRIM(A30))-LEN(SUBSTITUTE(TRIM(A30)," ",""))=2,MID(TRIM(A30),LEN(C30)+2,FIND(" ",TRIM(A30),LEN(C30)+2)-LEN(C30)-2),""),MID(TRIM(A30),3+LEN(C30)+LEN(E30),30)) | E30: =IF(ISERROR(FIND(",",TRIM(A30))),MID(TRIM(A30),1+LEN(TRIM(A30))-LEN(SUBSTITUTE(TRIM(A30)," ",""))+LEN(C30)+LEN(D30),30),LEFT(TRIM(A30), FIND(",",TRIM(A30))-1)) -> Boyko
A31: Kaleb Brady | C31: =IF(ISERROR( FIND(",",TRIM(A31))),LEFT(TRIM(A31), FIND(" ",TRIM(A31))-1),MID(TRIM(A31),LEN(C31)+3,FIND(" ",TRIM(A31)&" ",LEN(C31)+3)-LEN(C31)-2)) -> Kaleb | D31: =IF(ISERROR(FIND(",",TRIM(A31))),IF(LEN(TRIM(A31))-LEN(SUBSTITUTE(TRIM(A31)," ",""))=2,MID(TRIM(A31),LEN(C31)+2,FIND(" ",TRIM(A31),LEN(C31)+2)-LEN(C31)-2),""),MID(TRIM(A31),3+LEN(C31)+LEN(E31),30)) | E31: =IF(ISERROR(FIND(",",TRIM(A31))),MID(TRIM(A31),1+LEN(TRIM(A31))-LEN(SUBSTITUTE(TRIM(A31)," ",""))+LEN(C31)+LEN(D31),30),LEFT(TRIM(A31), FIND(",",TRIM(A31))-1)) -> Brady
A32: A.J. Bramante | C32: =IF(ISERROR( FIND(",",TRIM(A32))),LEFT(TRIM(A32), FIND(" ",TRIM(A32))-1),MID(TRIM(A32),LEN(C32)+3,FIND(" ",TRIM(A32)&" ",LEN(C32)+3)-LEN(C32)-2)) -> A.J. | D32: =IF(ISERROR(FIND(",",TRIM(A32))),IF(LEN(TRIM(A32))-LEN(SUBSTITUTE(TRIM(A32)," ",""))=2,MID(TRIM(A32),LEN(C32)+2,FIND(" ",TRIM(A32),LEN(C32)+2)-LEN(C32)-2),""),MID(TRIM(A32),3+LEN(C32)+LEN(E32),30)) | E32: =IF(ISERROR(FIND(",",TRIM(A32))),MID(TRIM(A32),1+LEN(TRIM(A32))-LEN(SUBSTITUTE(TRIM(A32)," ",""))+LEN(C32)+LEN(D32),30),LEFT(TRIM(A32), FIND(",",TRIM(A32))-1)) -> Bramante
A33: Ashley Brown | C33: =IF(ISERROR( FIND(",",TRIM(A33))),LEFT(TRIM(A33), FIND(" ",TRIM(A33))-1),MID(TRIM(A33),LEN(C33)+3,FIND(" ",TRIM(A33)&" ",LEN(C33)+3)-LEN(C33)-2)) -> Ashley | D33: =IF(ISERROR(FIND(",",TRIM(A33))),IF(LEN(TRIM(A33))-LEN(SUBSTITUTE(TRIM(A33)," ",""))=2,MID(TRIM(A33),LEN(C33)+2,FIND(" ",TRIM(A33),LEN(C33)+2)-LEN(C33)-2),""),MID(TRIM(A33),3+LEN(C33)+LEN(E33),30)) | E33: =IF(ISERROR(FIND(",",TRIM(A33))),MID(TRIM(A33),1+LEN(TRIM(A33))-LEN(SUBSTITUTE(TRIM(A33)," ",""))+LEN(C33)+LEN(D33),30),LEFT(TRIM(A33), FIND(",",TRIM(A33))-1)) -> Brown
A34: Elijah Brown | C34: =IF(ISERROR( FIND(",",TRIM(A34))),LEFT(TRIM(A34), FIND(" ",TRIM(A34))-1),MID(TRIM(A34),LEN(C34)+3,FIND(" ",TRIM(A34)&" ",LEN(C34)+3)-LEN(C34)-2)) -> Elijah | D34: =IF(ISERROR(FIND(",",TRIM(A34))),IF(LEN(TRIM(A34))-LEN(SUBSTITUTE(TRIM(A34)," ",""))=2,MID(TRIM(A34),LEN(C34)+2,FIND(" ",TRIM(A34),LEN(C34)+2)-LEN(C34)-2),""),MID(TRIM(A34),3+LEN(C34)+LEN(E34),30)) | E34: =IF(ISERROR(FIND(",",TRIM(A34))),MID(TRIM(A34),1+LEN(TRIM(A34))-LEN(SUBSTITUTE(TRIM(A34)," ",""))+LEN(C34)+LEN(D34),30),LEFT(TRIM(A34), FIND(",",TRIM(A34))-1)) -> Brown
A35: Luke Anthony Bunker (not eligible not walking, not in program) | C35: =IF(ISERROR( FIND(",",TRIM(A35))),LEFT(TRIM(A35), FIND(" ",TRIM(A35))-1),MID(TRIM(A35),LEN(C35)+3,FIND(" ",TRIM(A35)&" ",LEN(C35)+3)-LEN(C35)-2)) -> Devyn | D35: =IF(ISERROR(FIND(",",TRIM(A35))),IF(LEN(TRIM(A35))-LEN(SUBSTITUTE(TRIM(A35)," ",""))=2,MID(TRIM(A35),LEN(C35)+2,FIND(" ",TRIM(A35),LEN(C35)+2)-LEN(C35)-2),""),MID(TRIM(A35),3+LEN(C35)+LEN(E35),30)) | E35: =IF(ISERROR(FIND(",",TRIM(A35))),MID(TRIM(A35),1+LEN(TRIM(A35))-LEN(SUBSTITUTE(TRIM(A35)," ",""))+LEN(C35)+LEN(D35),30),LEFT(TRIM(A35), FIND(",",TRIM(A35))-1)) -> Luke Anthony Bunker (not eligible not walking
A36: Braeden Callan | C36: =IF(ISERROR( FIND(",",TRIM(A36))),LEFT(TRIM(A36), FIND(" ",TRIM(A36))-1),MID(TRIM(A36),LEN(C36)+3,FIND(" ",TRIM(A36)&" ",LEN(C36)+3)-LEN(C36)-2)) -> Braeden | D36: =IF(ISERROR(FIND(",",TRIM(A36))),IF(LEN(TRIM(A36))-LEN(SUBSTITUTE(TRIM(A36)," ",""))=2,MID(TRIM(A36),LEN(C36)+2,FIND(" ",TRIM(A36),LEN(C36)+2)-LEN(C36)-2),""),MID(TRIM(A36),3+LEN(C36)+LEN(E36),30)) | E36: =IF(ISERROR(FIND(",",TRIM(A36))),MID(TRIM(A36),1+LEN(TRIM(A36))-LEN(SUBSTITUTE(TRIM(A36)," ",""))+LEN(C36)+LEN(D36),30),LEFT(TRIM(A36), FIND(",",TRIM(A36))-1)) -> Callan
A37: Nilton Campos | C37: =IF(ISERROR( FIND(",",TRIM(A37))),LEFT(TRIM(A37), FIND(" ",TRIM(A37))-1),MID(TRIM(A37),LEN(C37)+3,FIND(" ",TRIM(A37)&" ",LEN(C37)+3)-LEN(C37)-2)) -> Nilton | D37: =IF(ISERROR(FIND(",",TRIM(A37))),IF(LEN(TRIM(A37))-LEN(SUBSTITUTE(TRIM(A37)," ",""))=2,MID(TRIM(A37),LEN(C37)+2,FIND(" ",TRIM(A37),LEN(C37)+2)-LEN(C37)-2),""),MID(TRIM(A37),3+LEN(C37)+LEN(E37),30)) | E37: =IF(ISERROR(FIND(",",TRIM(A37))),MID(TRIM(A37),1+LEN(TRIM(A37))-LEN(SUBSTITUTE(TRIM(A37)," ",""))+LEN(C37)+LEN(D37),30),LEFT(TRIM(A37), FIND(",",TRIM(A37))-1)) -> Campos
A38: Ethan Cannon | C38: =IF(ISERROR( FIND(",",TRIM(A38))),LEFT(TRIM(A38), FIND(" ",TRIM(A38))-1),MID(TRIM(A38),LEN(C38)+3,FIND(" ",TRIM(A38)&" ",LEN(C38)+3)-LEN(C38)-2)) -> Ethan | D38: =IF(ISERROR(FIND(",",TRIM(A38))),IF(LEN(TRIM(A38))-LEN(SUBSTITUTE(TRIM(A38)," ",""))=2,MID(TRIM(A38),LEN(C38)+2,FIND(" ",TRIM(A38),LEN(C38)+2)-LEN(C38)-2),""),MID(TRIM(A38),3+LEN(C38)+LEN(E38),30)) | E38: =IF(ISERROR(FIND(",",TRIM(A38))),MID(TRIM(A38),1+LEN(TRIM(A38))-LEN(SUBSTITUTE(TRIM(A38)," ",""))+LEN(C38)+LEN(D38),30),LEFT(TRIM(A38), FIND(",",TRIM(A38))-1)) -> Cannon
A39: Lucas Carcione | C39: =IF(ISERROR( FIND(",",TRIM(A39))),LEFT(TRIM(A39), FIND(" ",TRIM(A39))-1),MID(TRIM(A39),LEN(C39)+3,FIND(" ",TRIM(A39)&" ",LEN(C39)+3)-LEN(C39)-2)) -> Lucas | D39: =IF(ISERROR(FIND(",",TRIM(A39))),IF(LEN(TRIM(A39))-LEN(SUBSTITUTE(TRIM(A39)," ",""))=2,MID(TRIM(A39),LEN(C39)+2,FIND(" ",TRIM(A39),LEN(C39)+2)-LEN(C39)-2),""),MID(TRIM(A39),3+LEN(C39)+LEN(E39),30)) | E39: =IF(ISERROR(FIND(",",TRIM(A39))),MID(TRIM(A39),1+LEN(TRIM(A39))-LEN(SUBSTITUTE(TRIM(A39)," ",""))+LEN(C39)+LEN(D39),30),LEFT(TRIM(A39), FIND(",",TRIM(A39))-1)) -> Carcione | F39: Car-See-O-Nee
A40: Nicholas Joseph Casarano | C40: =IF(ISERROR( FIND(",",TRIM(A40))),LEFT(TRIM(A40), FIND(" ",TRIM(A40))-1),MID(TRIM(A40),LEN(C40)+3,FIND(" ",TRIM(A40)&" ",LEN(C40)+3)-LEN(C40)-2)) -> Nicholas | D40: =IF(ISERROR(FIND(",",TRIM(A40))),IF(LEN(TRIM(A40))-LEN(SUBSTITUTE(TRIM(A40)," ",""))=2,MID(TRIM(A40),LEN(C40)+2,FIND(" ",TRIM(A40),LEN(C40)+2)-LEN(C40)-2),""),MID(TRIM(A40),3+LEN(C40)+LEN(E40),30)) -> Joseph | E40: =IF(ISERROR(FIND(",",TRIM(A40))),MID(TRIM(A40),1+LEN(TRIM(A40))-LEN(SUBSTITUTE(TRIM(A40)," ",""))+LEN(C40)+LEN(D40),30),LEFT(TRIM(A40), FIND(",",TRIM(A40))-1)) -> Casarano
A41: Maggie Champlin-Scharff | C41: =IF(ISERROR( FIND(",",TRIM(A41))),LEFT(TRIM(A41), FIND(" ",TRIM(A41))-1),MID(TRIM(A41),LEN(C41)+3,FIND(" ",TRIM(A41)&" ",LEN(C41)+3)-LEN(C41)-2)) -> Maggie | D41: =IF(ISERROR(FIND(",",TRIM(A41))),IF(LEN(TRIM(A41))-LEN(SUBSTITUTE(TRIM(A41)," ",""))=2,MID(TRIM(A41),LEN(C41)+2,FIND(" ",TRIM(A41),LEN(C41)+2)-LEN(C41)-2),""),MID(TRIM(A41),3+LEN(C41)+LEN(E41),30)) | E41: =IF(ISERROR(FIND(",",TRIM(A41))),MID(TRIM(A41),1+LEN(TRIM(A41))-LEN(SUBSTITUTE(TRIM(A41)," ",""))+LEN(C41)+LEN(D41),30),LEFT(TRIM(A41), FIND(",",TRIM(A41))-1)) -> Champlin-Scharff
A42: Elsa Chow | C42: =IF(ISERROR( FIND(",",TRIM(A42))),LEFT(TRIM(A42), FIND(" ",TRIM(A42))-1),MID(TRIM(A42),LEN(C42)+3,FIND(" ",TRIM(A42)&" ",LEN(C42)+3)-LEN(C42)-2)) -> Elsa | D42: =IF(ISERROR(FIND(",",TRIM(A42))),IF(LEN(TRIM(A42))-LEN(SUBSTITUTE(TRIM(A42)," ",""))=2,MID(TRIM(A42),LEN(C42)+2,FIND(" ",TRIM(A42),LEN(C42)+2)-LEN(C42)-2),""),MID(TRIM(A42),3+LEN(C42)+LEN(E42),30)) | E42: =IF(ISERROR(FIND(",",TRIM(A42))),MID(TRIM(A42),1+LEN(TRIM(A42))-LEN(SUBSTITUTE(TRIM(A42)," ",""))+LEN(C42)+LEN(D42),30),LEFT(TRIM(A42), FIND(",",TRIM(A42))-1)) -> Chow
A43: Will Chute | C43: =IF(ISERROR( FIND(",",TRIM(A43))),LEFT(TRIM(A43), FIND(" ",TRIM(A43))-1),MID(TRIM(A43),LEN(C43)+3,FIND(" ",TRIM(A43)&" ",LEN(C43)+3)-LEN(C43)-2)) -> Will | D43: =IF(ISERROR(FIND(",",TRIM(A43))),IF(LEN(TRIM(A43))-LEN(SUBSTITUTE(TRIM(A43)," ",""))=2,MID(TRIM(A43),LEN(C43)+2,FIND(" ",TRIM(A43),LEN(C43)+2)-LEN(C43)-2),""),MID(TRIM(A43),3+LEN(C43)+LEN(E43),30)) | E43: =IF(ISERROR(FIND(",",TRIM(A43))),MID(TRIM(A43),1+LEN(TRIM(A43))-LEN(SUBSTITUTE(TRIM(A43)," ",""))+LEN(C43)+LEN(D43),30),LEFT(TRIM(A43), FIND(",",TRIM(A43))-1)) -> Chute
A44: Max Cinelli | C44: =IF(ISERROR( FIND(",",TRIM(A44))),LEFT(TRIM(A44), FIND(" ",TRIM(A44))-1),MID(TRIM(A44),LEN(C44)+3,FIND(" ",TRIM(A44)&" ",LEN(C44)+3)-LEN(C44)-2)) -> Max | D44: =IF(ISERROR(FIND(",",TRIM(A44))),IF(LEN(TRIM(A44))-LEN(SUBSTITUTE(TRIM(A44)," ",""))=2,MID(TRIM(A44),LEN(C44)+2,FIND(" ",TRIM(A44),LEN(C44)+2)-LEN(C44)-2),""),MID(TRIM(A44),3+LEN(C44)+LEN(E44),30)) | E44: =IF(ISERROR(FIND(",",TRIM(A44))),MID(TRIM(A44),1+LEN(TRIM(A44))-LEN(SUBSTITUTE(TRIM(A44)," ",""))+LEN(C44)+LEN(D44),30),LEFT(TRIM(A44), FIND(",",TRIM(A44))-1)) -> Cinelli
A45: Olivia Marie Cirrone | C45: =IF(ISERROR( FIND(",",TRIM(A45))),LEFT(TRIM(A45), FIND(" ",TRIM(A45))-1),MID(TRIM(A45),LEN(C45)+3,FIND(" ",TRIM(A45)&" ",LEN(C45)+3)-LEN(C45)-2)) -> Olivia | D45: =IF(ISERROR(FIND(",",TRIM(A45))),IF(LEN(TRIM(A45))-LEN(SUBSTITUTE(TRIM(A45)," ",""))=2,MID(TRIM(A45),LEN(C45)+2,FIND(" ",TRIM(A45),LEN(C45)+2)-LEN(C45)-2),""),MID(TRIM(A45),3+LEN(C45)+LEN(E45),30)) -> Marie | E45: =IF(ISERROR(FIND(",",TRIM(A45))),MID(TRIM(A45),1+LEN(TRIM(A45))-LEN(SUBSTITUTE(TRIM(A45)," ",""))+LEN(C45)+LEN(D45),30),LEFT(TRIM(A45), FIND(",",TRIM(A45))-1)) -> Cirrone | F45: Suh-row-nee
A46: Chadley Civil | C46: =IF(ISERROR( FIND(",",TRIM(A46))),LEFT(TRIM(A46), FIND(" ",TRIM(A46))-1),MID(TRIM(A46),LEN(C46)+3,FIND(" ",TRIM(A46)&" ",LEN(C46)+3)-LEN(C46)-2)) -> Chadley | D46: =IF(ISERROR(FIND(",",TRIM(A46))),IF(LEN(TRIM(A46))-LEN(SUBSTITUTE(TRIM(A46)," ",""))=2,MID(TRIM(A46),LEN(C46)+2,FIND(" ",TRIM(A46),LEN(C46)+2)-LEN(C46)-2),""),MID(TRIM(A46),3+LEN(C46)+LEN(E46),30)) | E46: =IF(ISERROR(FIND(",",TRIM(A46))),MID(TRIM(A46),1+LEN(TRIM(A46))-LEN(SUBSTITUTE(TRIM(A46)," ",""))+LEN(C46)+LEN(D46),30),LEFT(TRIM(A46), FIND(",",TRIM(A46))-1)) -> Civil
A47: Sam Clark | C47: =IF(ISERROR( FIND(",",TRIM(A47))),LEFT(TRIM(A47), FIND(" ",TRIM(A47))-1),MID(TRIM(A47),LEN(C47)+3,FIND(" ",TRIM(A47)&" ",LEN(C47)+3)-LEN(C47)-2)) -> Sam | D47: =IF(ISERROR(FIND(",",TRIM(A47))),IF(LEN(TRIM(A47))-LEN(SUBSTITUTE(TRIM(A47)," ",""))=2,MID(TRIM(A47),LEN(C47)+2,FIND(" ",TRIM(A47),LEN(C47)+2)-LEN(C47)-2),""),MID(TRIM(A47),3+LEN(C47)+LEN(E47),30)) | E47: =IF(ISERROR(FIND(",",TRIM(A47))),MID(TRIM(A47),1+LEN(TRIM(A47))-LEN(SUBSTITUTE(TRIM(A47)," ",""))+LEN(C47)+LEN(D47),30),LEFT(TRIM(A47), FIND(",",TRIM(A47))-1)) -> Clark
A48: Thomas Cockrell | C48: =IF(ISERROR( FIND(",",TRIM(A48))),LEFT(TRIM(A48), FIND(" ",TRIM(A48))-1),MID(TRIM(A48),LEN(C48)+3,FIND(" ",TRIM(A48)&" ",LEN(C48)+3)-LEN(C48)-2)) -> Thomas | D48: =IF(ISERROR(FIND(",",TRIM(A48))),IF(LEN(TRIM(A48))-LEN(SUBSTITUTE(TRIM(A48)," ",""))=2,MID(TRIM(A48),LEN(C48)+2,FIND(" ",TRIM(A48),LEN(C48)+2)-LEN(C48)-2),""),MID(TRIM(A48),3+LEN(C48)+LEN(E48),30)) | E48: =IF(ISERROR(FIND(",",TRIM(A48))),MID(TRIM(A48),1+LEN(TRIM(A48))-LEN(SUBSTITUTE(TRIM(A48)," ",""))+LEN(C48)+LEN(D48),30),LEFT(TRIM(A48), FIND(",",TRIM(A48))-1)) -> Cockrell
A49: Rosie Columb (not eligible, not walking, not in program) | C49: =IF(ISERROR( FIND(",",TRIM(A49))),LEFT(TRIM(A49), FIND(" ",TRIM(A49))-1),MID(TRIM(A49),LEN(C49)+3,FIND(" ",TRIM(A49)&" ",LEN(C49)+3)-LEN(C49)-2)) -> Barrington | D49: =IF(ISERROR(FIND(",",TRIM(A49))),IF(LEN(TRIM(A49))-LEN(SUBSTITUTE(TRIM(A49)," ",""))=2,MID(TRIM(A49),LEN(C49)+2,FIND(" ",TRIM(A49),LEN(C49)+2)-LEN(C49)-2),""),MID(TRIM(A49),3+LEN(C49)+LEN(E49),30)) | E49: =IF(ISERROR(FIND(",",TRIM(A49))),MID(TRIM(A49),1+LEN(TRIM(A49))-LEN(SUBSTITUTE(TRIM(A49)," ",""))+LEN(C49)+LEN(D49),30),LEFT(TRIM(A49), FIND(",",TRIM(A49))-1)) -> Rosie Columb (not eligible
A50: Brady Comenos | C50: =IF(ISERROR( FIND(",",TRIM(A50))),LEFT(TRIM(A50), FIND(" ",TRIM(A50))-1),MID(TRIM(A50),LEN(C50)+3,FIND(" ",TRIM(A50)&" ",LEN(C50)+3)-LEN(C50)-2)) -> Brady | D50: =IF(ISERROR(FIND(",",TRIM(A50))),IF(LEN(TRIM(A50))-LEN(SUBSTITUTE(TRIM(A50)," ",""))=2,MID(TRIM(A50),LEN(C50)+2,FIND(" ",TRIM(A50),LEN(C50)+2)-LEN(C50)-2),""),MID(TRIM(A50),3+LEN(C50)+LEN(E50),30)) | E50: =IF(ISERROR(FIND(",",TRIM(A50))),MID(TRIM(A50),1+LEN(TRIM(A50))-LEN(SUBSTITUTE(TRIM(A50)," ",""))+LEN(C50)+LEN(D50),30),LEFT(TRIM(A50), FIND(",",TRIM(A50))-1)) -> Comenos | F50: Brady Com-e-nose
A51: Landen Connelly | C51: =IF(ISERROR( FIND(",",TRIM(A51))),LEFT(TRIM(A51), FIND(" ",TRIM(A51))-1),MID(TRIM(A51),LEN(C51)+3,FIND(" ",TRIM(A51)&" ",LEN(C51)+3)-LEN(C51)-2)) -> Landen | D51: =IF(ISERROR(FIND(",",TRIM(A51))),IF(LEN(TRIM(A51))-LEN(SUBSTITUTE(TRIM(A51)," ",""))=2,MID(TRIM(A51),LEN(C51)+2,FIND(" ",TRIM(A51),LEN(C51)+2)-LEN(C51)-2),""),MID(TRIM(A51),3+LEN(C51)+LEN(E51),30)) | E51: =IF(ISERROR(FIND(",",TRIM(A51))),MID(TRIM(A51),1+LEN(TRIM(A51))-LEN(SUBSTITUTE(TRIM(A51)," ",""))+LEN(C51)+LEN(D51),30),LEFT(TRIM(A51), FIND(",",TRIM(A51))-1)) -> Connelly | F51: Landen connelly
A52: Tim Connolly | C52: =IF(ISERROR( FIND(",",TRIM(A52))),LEFT(TRIM(A52), FIND(" ",TRIM(A52))-1),MID(TRIM(A52),LEN(C52)+3,FIND(" ",TRIM(A52)&" ",LEN(C52)+3)-LEN(C52)-2)) -> Tim | D52: =IF(ISERROR(FIND(",",TRIM(A52))),IF(LEN(TRIM(A52))-LEN(SUBSTITUTE(TRIM(A52)," ",""))=2,MID(TRIM(A52),LEN(C52)+2,FIND(" ",TRIM(A52),LEN(C52)+2)-LEN(C52)-2),""),MID(TRIM(A52),3+LEN(C52)+LEN(E52),30)) | E52: =IF(ISERROR(FIND(",",TRIM(A52))),MID(TRIM(A52),1+LEN(TRIM(A52))-LEN(SUBSTITUTE(TRIM(A52)," ",""))+LEN(C52)+LEN(D52),30),LEFT(TRIM(A52), FIND(",",TRIM(A52))-1)) -> Connolly
A53: Derek Connor | C53: =IF(ISERROR( FIND(",",TRIM(A53))),LEFT(TRIM(A53), FIND(" ",TRIM(A53))-1),MID(TRIM(A53),LEN(C53)+3,FIND(" ",TRIM(A53)&" ",LEN(C53)+3)-LEN(C53)-2)) -> Derek | D53: =IF(ISERROR(FIND(",",TRIM(A53))),IF(LEN(TRIM(A53))-LEN(SUBSTITUTE(TRIM(A53)," ",""))=2,MID(TRIM(A53),LEN(C53)+2,FIND(" ",TRIM(A53),LEN(C53)+2)-LEN(C53)-2),""),MID(TRIM(A53),3+LEN(C53)+LEN(E53),30)) | E53: =IF(ISERROR(FIND(",",TRIM(A53))),MID(TRIM(A53),1+LEN(TRIM(A53))-LEN(SUBSTITUTE(TRIM(A53)," ",""))+LEN(C53)+LEN(D53),30),LEFT(TRIM(A53), FIND(",",TRIM(A53))-1)) -> Connor | F53: Derek Connor
A54: Kayla Cox | C54: =IF(ISERROR( FIND(",",TRIM(A54))),LEFT(TRIM(A54), FIND(" ",TRIM(A54))-1),MID(TRIM(A54),LEN(C54)+3,FIND(" ",TRIM(A54)&" ",LEN(C54)+3)-LEN(C54)-2)) -> Kayla | D54: =IF(ISERROR(FIND(",",TRIM(A54))),IF(LEN(TRIM(A54))-LEN(SUBSTITUTE(TRIM(A54)," ",""))=2,MID(TRIM(A54),LEN(C54)+2,FIND(" ",TRIM(A54),LEN(C54)+2)-LEN(C54)-2),""),MID(TRIM(A54),3+LEN(C54)+LEN(E54),30)) | E54: =IF(ISERROR(FIND(",",TRIM(A54))),MID(TRIM(A54),1+LEN(TRIM(A54))-LEN(SUBSTITUTE(TRIM(A54)," ",""))+LEN(C54)+LEN(D54),30),LEFT(TRIM(A54), FIND(",",TRIM(A54))-1)) -> Cox
A55: John Coyne | C55: =IF(ISERROR( FIND(",",TRIM(A55))),LEFT(TRIM(A55), FIND(" ",TRIM(A55))-1),MID(TRIM(A55),LEN(C55)+3,FIND(" ",TRIM(A55)&" ",LEN(C55)+3)-LEN(C55)-2)) -> John | D55: =IF(ISERROR(FIND(",",TRIM(A55))),IF(LEN(TRIM(A55))-LEN(SUBSTITUTE(TRIM(A55)," ",""))=2,MID(TRIM(A55),LEN(C55)+2,FIND(" ",TRIM(A55),LEN(C55)+2)-LEN(C55)-2),""),MID(TRIM(A55),3+LEN(C55)+LEN(E55),30)) | E55: =IF(ISERROR(FIND(",",TRIM(A55))),MID(TRIM(A55),1+LEN(TRIM(A55))-LEN(SUBSTITUTE(TRIM(A55)," ",""))+LEN(C55)+LEN(D55),30),LEFT(TRIM(A55), FIND(",",TRIM(A55))-1)) -> Coyne
A56: Lily Crosby | C56: =IF(ISERROR( FIND(",",TRIM(A56))),LEFT(TRIM(A56), FIND(" ",TRIM(A56))-1),MID(TRIM(A56),LEN(C56)+3,FIND(" ",TRIM(A56)&" ",LEN(C56)+3)-LEN(C56)-2)) -> Lily | D56: =IF(ISERROR(FIND(",",TRIM(A56))),IF(LEN(TRIM(A56))-LEN(SUBSTITUTE(TRIM(A56)," ",""))=2,MID(TRIM(A56),LEN(C56)+2,FIND(" ",TRIM(A56),LEN(C56)+2)-LEN(C56)-2),""),MID(TRIM(A56),3+LEN(C56)+LEN(E56),30)) | E56: =IF(ISERROR(FIND(",",TRIM(A56))),MID(TRIM(A56),1+LEN(TRIM(A56))-LEN(SUBSTITUTE(TRIM(A56)," ",""))+LEN(C56)+LEN(D56),30),LEFT(TRIM(A56), FIND(",",TRIM(A56))-1)) -> Crosby
A57: Molly Crowley | C57: =IF(ISERROR( FIND(",",TRIM(A57))),LEFT(TRIM(A57), FIND(" ",TRIM(A57))-1),MID(TRIM(A57),LEN(C57)+3,FIND(" ",TRIM(A57)&" ",LEN(C57)+3)-LEN(C57)-2)) -> Molly | D57: =IF(ISERROR(FIND(",",TRIM(A57))),IF(LEN(TRIM(A57))-LEN(SUBSTITUTE(TRIM(A57)," ",""))=2,MID(TRIM(A57),LEN(C57)+2,FIND(" ",TRIM(A57),LEN(C57)+2)-LEN(C57)-2),""),MID(TRIM(A57),3+LEN(C57)+LEN(E57),30)) | E57: =IF(ISERROR(FIND(",",TRIM(A57))),MID(TRIM(A57),1+LEN(TRIM(A57))-LEN(SUBSTITUTE(TRIM(A57)," ",""))+LEN(C57)+LEN(D57),30),LEFT(TRIM(A57), FIND(",",TRIM(A57))-1)) -> Crowley
A58: Shea Cullen | C58: =IF(ISERROR( FIND(",",TRIM(A58))),LEFT(TRIM(A58), FIND(" ",TRIM(A58))-1),MID(TRIM(A58),LEN(C58)+3,FIND(" ",TRIM(A58)&" ",LEN(C58)+3)-LEN(C58)-2)) -> Shea | D58: =IF(ISERROR(FIND(",",TRIM(A58))),IF(LEN(TRIM(A58))-LEN(SUBSTITUTE(TRIM(A58)," ",""))=2,MID(TRIM(A58),LEN(C58)+2,FIND(" ",TRIM(A58),LEN(C58)+2)-LEN(C58)-2),""),MID(TRIM(A58),3+LEN(C58)+LEN(E58),30)) | E58: =IF(ISERROR(FIND(",",TRIM(A58))),MID(TRIM(A58),1+LEN(TRIM(A58))-LEN(SUBSTITUTE(TRIM(A58)," ",""))+LEN(C58)+LEN(D58),30),LEFT(TRIM(A58), FIND(",",TRIM(A58))-1)) -> Cullen
A59: Jacklyn Cusolito | C59: =IF(ISERROR( FIND(",",TRIM(A59))),LEFT(TRIM(A59), FIND(" ",TRIM(A59))-1),MID(TRIM(A59),LEN(C59)+3,FIND(" ",TRIM(A59)&" ",LEN(C59)+3)-LEN(C59)-2)) -> Jacklyn | D59: =IF(ISERROR(FIND(",",TRIM(A59))),IF(LEN(TRIM(A59))-LEN(SUBSTITUTE(TRIM(A59)," ",""))=2,MID(TRIM(A59),LEN(C59)+2,FIND(" ",TRIM(A59),LEN(C59)+2)-LEN(C59)-2),""),MID(TRIM(A59),3+LEN(C59)+LEN(E59),30)) | E59: =IF(ISERROR(FIND(",",TRIM(A59))),MID(TRIM(A59),1+LEN(TRIM(A59))-LEN(SUBSTITUTE(TRIM(A59)," ",""))+LEN(C59)+LEN(D59),30),LEFT(TRIM(A59), FIND(",",TRIM(A59))-1)) -> Cusolito
A60: Paige Cusolito | C60: =IF(ISERROR( FIND(",",TRIM(A60))),LEFT(TRIM(A60), FIND(" ",TRIM(A60))-1),MID(TRIM(A60),LEN(C60)+3,FIND(" ",TRIM(A60)&" ",LEN(C60)+3)-LEN(C60)-2)) -> Paige | D60: =IF(ISERROR(FIND(",",TRIM(A60))),IF(LEN(TRIM(A60))-LEN(SUBSTITUTE(TRIM(A60)," ",""))=2,MID(TRIM(A60),LEN(C60)+2,FIND(" ",TRIM(A60),LEN(C60)+2)-LEN(C60)-2),""),MID(TRIM(A60),3+LEN(C60)+LEN(E60),30)) | E60: =IF(ISERROR(FIND(",",TRIM(A60))),MID(TRIM(A60),1+LEN(TRIM(A60))-LEN(SUBSTITUTE(TRIM(A60)," ",""))+LEN(C60)+LEN(D60),30),LEFT(TRIM(A60), FIND(",",TRIM(A60))-1)) -> Cusolito
A61: Hans Dankers | C61: =IF(ISERROR( FIND(",",TRIM(A61))),LEFT(TRIM(A61), FIND(" ",TRIM(A61))-1),MID(TRIM(A61),LEN(C61)+3,FIND(" ",TRIM(A61)&" ",LEN(C61)+3)-LEN(C61)-2)) -> Hans | D61: =IF(ISERROR(FIND(",",TRIM(A61))),IF(LEN(TRIM(A61))-LEN(SUBSTITUTE(TRIM(A61)," ",""))=2,MID(TRIM(A61),LEN(C61)+2,FIND(" ",TRIM(A61),LEN(C61)+2)-LEN(C61)-2),""),MID(TRIM(A61),3+LEN(C61)+LEN(E61),30)) | E61: =IF(ISERROR(FIND(",",TRIM(A61))),MID(TRIM(A61),1+LEN(TRIM(A61))-LEN(SUBSTITUTE(TRIM(A61)," ",""))+LEN(C61)+LEN(D61),30),LEFT(TRIM(A61), FIND(",",TRIM(A61))-1)) -> Dankers
A62: Walick Da Silva | C62: =IF(ISERROR( FIND(",",TRIM(A62))),LEFT(TRIM(A62), FIND(" ",TRIM(A62))-1),MID(TRIM(A62),LEN(C62)+3,FIND(" ",TRIM(A62)&" ",LEN(C62)+3)-LEN(C62)-2)) -> Walick | E62: Da Silva | F62: Wall-lick Duh Silva
A63: Hadley Davis (program only, not walking) | C63: =IF(ISERROR( FIND(",",TRIM(A63))),LEFT(TRIM(A63), FIND(" ",TRIM(A63))-1),MID(TRIM(A63),LEN(C63)+3,FIND(" ",TRIM(A63)&" ",LEN(C63)+3)-LEN(C63)-2)) -> Amelia | D63: =IF(ISERROR(FIND(",",TRIM(A63))),IF(LEN(TRIM(A63))-LEN(SUBSTITUTE(TRIM(A63)," ",""))=2,MID(TRIM(A63),LEN(C63)+2,FIND(" ",TRIM(A63),LEN(C63)+2)-LEN(C63)-2),""),MID(TRIM(A63),3+LEN(C63)+LEN(E63),30)) -> Jane | E63: =IF(ISERROR(FIND(",",TRIM(A63))),MID(TRIM(A63),1+LEN(TRIM(A63))-LEN(SUBSTITUTE(TRIM(A63)," ",""))+LEN(C63)+LEN(D63),30),LEFT(TRIM(A63), FIND(",",TRIM(A63))-1)) -> Hadley Davis (program only
A64: Cooper Joseph Dean | C64: =IF(ISERROR( FIND(",",TRIM(A64))),LEFT(TRIM(A64), FIND(" ",TRIM(A64))-1),MID(TRIM(A64),LEN(C64)+3,FIND(" ",TRIM(A64)&" ",LEN(C64)+3)-LEN(C64)-2)) -> Cooper | D64: =IF(ISERROR(FIND(",",TRIM(A64))),IF(LEN(TRIM(A64))-LEN(SUBSTITUTE(TRIM(A64)," ",""))=2,MID(TRIM(A64),LEN(C64)+2,FIND(" ",TRIM(A64),LEN(C64)+2)-LEN(C64)-2),""),MID(TRIM(A64),3+LEN(C64)+LEN(E64),30)) -> Joseph | E64: =IF(ISERROR(FIND(",",TRIM(A64))),MID(TRIM(A64),1+LEN(TRIM(A64))-LEN(SUBSTITUTE(TRIM(A64)," ",""))+LEN(C64)+LEN(D64),30),LEFT(TRIM(A64), FIND(",",TRIM(A64))-1)) -> Dean | F64: (Coo-pur) (Joe-Sef) (Deen)
A65: Happiness Osarugue Deji | C65: =IF(ISERROR( FIND(",",TRIM(A65))),LEFT(TRIM(A65), FIND(" ",TRIM(A65))-1),MID(TRIM(A65),LEN(C65)+3,FIND(" ",TRIM(A65)&" ",LEN(C65)+3)-LEN(C65)-2)) -> Happiness | D65: =IF(ISERROR(FIND(",",TRIM(A65))),IF(LEN(TRIM(A65))-LEN(SUBSTITUTE(TRIM(A65)," ",""))=2,MID(TRIM(A65),LEN(C65)+2,FIND(" ",TRIM(A65),LEN(C65)+2)-LEN(C65)-2),""),MID(TRIM(A65),3+LEN(C65)+LEN(E65),30)) -> Osarugue | E65: =IF(ISERROR(FIND(",",TRIM(A65))),MID(TRIM(A65),1+LEN(TRIM(A65))-LEN(SUBSTITUTE(TRIM(A65)," ",""))+LEN(C65)+LEN(D65),30),LEFT(TRIM(A65), FIND(",",TRIM(A65))-1)) -> Deji | F65: o sa ru gue
A66: Jack Denmark | C66: =IF(ISERROR( FIND(",",TRIM(A66))),LEFT(TRIM(A66), FIND(" ",TRIM(A66))-1),MID(TRIM(A66),LEN(C66)+3,FIND(" ",TRIM(A66)&" ",LEN(C66)+3)-LEN(C66)-2)) -> Jack | D66: =IF(ISERROR(FIND(",",TRIM(A66))),IF(LEN(TRIM(A66))-LEN(SUBSTITUTE(TRIM(A66)," ",""))=2,MID(TRIM(A66),LEN(C66)+2,FIND(" ",TRIM(A66),LEN(C66)+2)-LEN(C66)-2),""),MID(TRIM(A66),3+LEN(C66)+LEN(E66),30)) | E66: =IF(ISERROR(FIND(",",TRIM(A66))),MID(TRIM(A66),1+LEN(TRIM(A66))-LEN(SUBSTITUTE(TRIM(A66)," ",""))+LEN(C66)+LEN(D66),30),LEFT(TRIM(A66), FIND(",",TRIM(A66))-1)) -> Denmark
A67: Julie DiDonato | C67: =IF(ISERROR( FIND(",",TRIM(A67))),LEFT(TRIM(A67), FIND(" ",TRIM(A67))-1),MID(TRIM(A67),LEN(C67)+3,FIND(" ",TRIM(A67)&" ",LEN(C67)+3)-LEN(C67)-2)) -> Julie | D67: =IF(ISERROR(FIND(",",TRIM(A67))),IF(LEN(TRIM(A67))-LEN(SUBSTITUTE(TRIM(A67)," ",""))=2,MID(TRIM(A67),LEN(C67)+2,FIND(" ",TRIM(A67),LEN(C67)+2)-LEN(C67)-2),""),MID(TRIM(A67),3+LEN(C67)+LEN(E67),30)) | E67: =IF(ISERROR(FIND(",",TRIM(A67))),MID(TRIM(A67),1+LEN(TRIM(A67))-LEN(SUBSTITUTE(TRIM(A67)," ",""))+LEN(C67)+LEN(D67),30),LEFT(TRIM(A67), FIND(",",TRIM(A67))-1)) -> DiDonato | F67: Dee-doe-na-to
A68: Antonio Joseph DiSerio | C68: =IF(ISERROR( FIND(",",TRIM(A68))),LEFT(TRIM(A68), FIND(" ",TRIM(A68))-1),MID(TRIM(A68),LEN(C68)+3,FIND(" ",TRIM(A68)&" ",LEN(C68)+3)-LEN(C68)-2)) -> Antonio | D68: =IF(ISERROR(FIND(",",TRIM(A68))),IF(LEN(TRIM(A68))-LEN(SUBSTITUTE(TRIM(A68)," ",""))=2,MID(TRIM(A68),LEN(C68)+2,FIND(" ",TRIM(A68),LEN(C68)+2)-LEN(C68)-2),""),MID(TRIM(A68),3+LEN(C68)+LEN(E68),30)) -> Joseph | E68: =IF(ISERROR(FIND(",",TRIM(A68))),MID(TRIM(A68),1+LEN(TRIM(A68))-LEN(SUBSTITUTE(TRIM(A68)," ",""))+LEN(C68)+LEN(D68),30),LEFT(TRIM(A68), FIND(",",TRIM(A68))-1)) -> DiSerio
A69: Dante DiSerio | C69: =IF(ISERROR( FIND(",",TRIM(A69))),LEFT(TRIM(A69), FIND(" ",TRIM(A69))-1),MID(TRIM(A69),LEN(C69)+3,FIND(" ",TRIM(A69)&" ",LEN(C69)+3)-LEN(C69)-2)) -> Dante | D69: =IF(ISERROR(FIND(",",TRIM(A69))),IF(LEN(TRIM(A69))-LEN(SUBSTITUTE(TRIM(A69)," ",""))=2,MID(TRIM(A69),LEN(C69)+2,FIND(" ",TRIM(A69),LEN(C69)+2)-LEN(C69)-2),""),MID(TRIM(A69),3+LEN(C69)+LEN(E69),30)) | E69: =IF(ISERROR(FIND(",",TRIM(A69))),MID(TRIM(A69),1+LEN(TRIM(A69))-LEN(SUBSTITUTE(TRIM(A69)," ",""))+LEN(C69)+LEN(D69),30),LEFT(TRIM(A69), FIND(",",TRIM(A69))-1)) -> DiSerio | F69: Dis-ear-e-o
A70: Caitlin Anne Donaghey | C70: =IF(ISERROR( FIND(",",TRIM(A70))),LEFT(TRIM(A70), FIND(" ",TRIM(A70))-1),MID(TRIM(A70),LEN(C70)+3,FIND(" ",TRIM(A70)&" ",LEN(C70)+3)-LEN(C70)-2)) -> Caitlin | D70: =IF(ISERROR(FIND(",",TRIM(A70))),IF(LEN(TRIM(A70))-LEN(SUBSTITUTE(TRIM(A70)," ",""))=2,MID(TRIM(A70),LEN(C70)+2,FIND(" ",TRIM(A70),LEN(C70)+2)-LEN(C70)-2),""),MID(TRIM(A70),3+LEN(C70)+LEN(E70),30)) -> Anne | E70: =IF(ISERROR(FIND(",",TRIM(A70))),MID(TRIM(A70),1+LEN(TRIM(A70))-LEN(SUBSTITUTE(TRIM(A70)," ",""))+LEN(C70)+LEN(D70),30),LEFT(TRIM(A70), FIND(",",TRIM(A70))-1)) -> Donaghey | F70: Don-a-hee
A71: Quinn Kendall Donahue | C71: =IF(ISERROR( FIND(",",TRIM(A71))),LEFT(TRIM(A71), FIND(" ",TRIM(A71))-1),MID(TRIM(A71),LEN(C71)+3,FIND(" ",TRIM(A71)&" ",LEN(C71)+3)-LEN(C71)-2)) -> Quinn | D71: =IF(ISERROR(FIND(",",TRIM(A71))),IF(LEN(TRIM(A71))-LEN(SUBSTITUTE(TRIM(A71)," ",""))=2,MID(TRIM(A71),LEN(C71)+2,FIND(" ",TRIM(A71),LEN(C71)+2)-LEN(C71)-2),""),MID(TRIM(A71),3+LEN(C71)+LEN(E71),30)) -> Kendall | E71: =IF(ISERROR(FIND(",",TRIM(A71))),MID(TRIM(A71),1+LEN(TRIM(A71))-LEN(SUBSTITUTE(TRIM(A71)," ",""))+LEN(C71)+LEN(D71),30),LEFT(TRIM(A71), FIND(",",TRIM(A71))-1)) -> Donahue
A72: Alana Mei-Lin Yamaki Doroquez | C72: =IF(ISERROR( FIND(",",TRIM(A72))),LEFT(TRIM(A72), FIND(" ",TRIM(A72))-1),MID(TRIM(A72),LEN(C72)+3,FIND(" ",TRIM(A72)&" ",LEN(C72)+3)-LEN(C72)-2)) -> Alana | D72: Mei-Lin Yamaki | E72: Doroquez | F72: Ah-lah-na May-Lynn Yah-mah-key Door-o-kez
A73: Cassidy Duca | C73: =IF(ISERROR( FIND(",",TRIM(A73))),LEFT(TRIM(A73), FIND(" ",TRIM(A73))-1),MID(TRIM(A73),LEN(C73)+3,FIND(" ",TRIM(A73)&" ",LEN(C73)+3)-LEN(C73)-2)) -> Cassidy | D73: =IF(ISERROR(FIND(",",TRIM(A73))),IF(LEN(TRIM(A73))-LEN(SUBSTITUTE(TRIM(A73)," ",""))=2,MID(TRIM(A73),LEN(C73)+2,FIND(" ",TRIM(A73),LEN(C73)+2)-LEN(C73)-2),""),MID(TRIM(A73),3+LEN(C73)+LEN(E73),30)) | E73: =IF(ISERROR(FIND(",",TRIM(A73))),MID(TRIM(A73),1+LEN(TRIM(A73))-LEN(SUBSTITUTE(TRIM(A73)," ",""))+LEN(C73)+LEN(D73),30),LEFT(TRIM(A73), FIND(",",TRIM(A73))-1)) -> Duca
A74: Kyle DuRoss | C74: =IF(ISERROR( FIND(",",TRIM(A74))),LEFT(TRIM(A74), FIND(" ",TRIM(A74))-1),MID(TRIM(A74),LEN(C74)+3,FIND(" ",TRIM(A74)&" ",LEN(C74)+3)-LEN(C74)-2)) -> Kyle | D74: =IF(ISERROR(FIND(",",TRIM(A74))),IF(LEN(TRIM(A74))-LEN(SUBSTITUTE(TRIM(A74)," ",""))=2,MID(TRIM(A74),LEN(C74)+2,FIND(" ",TRIM(A74),LEN(C74)+2)-LEN(C74)-2),""),MID(TRIM(A74),3+LEN(C74)+LEN(E74),30)) | E74: =IF(ISERROR(FIND(",",TRIM(A74))),MID(TRIM(A74),1+LEN(TRIM(A74))-LEN(SUBSTITUTE(TRIM(A74)," ",""))+LEN(C74)+LEN(D74),30),LEFT(TRIM(A74), FIND(",",TRIM(A74))-1)) -> DuRoss | F74: Dew-Ross
A75: Sean DuRoss | C75: =IF(ISERROR( FIND(",",TRIM(A75))),LEFT(TRIM(A75), FIND(" ",TRIM(A75))-1),MID(TRIM(A75),LEN(C75)+3,FIND(" ",TRIM(A75)&" ",LEN(C75)+3)-LEN(C75)-2)) -> Sean | D75: =IF(ISERROR(FIND(",",TRIM(A75))),IF(LEN(TRIM(A75))-LEN(SUBSTITUTE(TRIM(A75)," ",""))=2,MID(TRIM(A75),LEN(C75)+2,FIND(" ",TRIM(A75),LEN(C75)+2)-LEN(C75)-2),""),MID(TRIM(A75),3+LEN(C75)+LEN(E75),30)) | E75: =IF(ISERROR(FIND(",",TRIM(A75))),MID(TRIM(A75),1+LEN(TRIM(A75))-LEN(SUBSTITUTE(TRIM(A75)," ",""))+LEN(C75)+LEN(D75),30),LEFT(TRIM(A75), FIND(",",TRIM(A75))-1)) -> DuRoss
A76: William Dyment | C76: =IF(ISERROR( FIND(",",TRIM(A76))),LEFT(TRIM(A76), FIND(" ",TRIM(A76))-1),MID(TRIM(A76),LEN(C76)+3,FIND(" ",TRIM(A76)&" ",LEN(C76)+3)-LEN(C76)-2)) -> William | D76: =IF(ISERROR(FIND(",",TRIM(A76))),IF(LEN(TRIM(A76))-LEN(SUBSTITUTE(TRIM(A76)," ",""))=2,MID(TRIM(A76),LEN(C76)+2,FIND(" ",TRIM(A76),LEN(C76)+2)-LEN(C76)-2),""),MID(TRIM(A76),3+LEN(C76)+LEN(E76),30)) | E76: =IF(ISERROR(FIND(",",TRIM(A76))),MID(TRIM(A76),1+LEN(TRIM(A76))-LEN(SUBSTITUTE(TRIM(A76)," ",""))+LEN(C76)+LEN(D76),30),LEFT(TRIM(A76), FIND(",",TRIM(A76))-1)) -> Dyment
A77: Luca Eliet | C77: =IF(ISERROR( FIND(",",TRIM(A77))),LEFT(TRIM(A77), FIND(" ",TRIM(A77))-1),MID(TRIM(A77),LEN(C77)+3,FIND(" ",TRIM(A77)&" ",LEN(C77)+3)-LEN(C77)-2)) -> Luca | D77: =IF(ISERROR(FIND(",",TRIM(A77))),IF(LEN(TRIM(A77))-LEN(SUBSTITUTE(TRIM(A77)," ",""))=2,MID(TRIM(A77),LEN(C77)+2,FIND(" ",TRIM(A77),LEN(C77)+2)-LEN(C77)-2),""),MID(TRIM(A77),3+LEN(C77)+LEN(E77),30)) | E77: =IF(ISERROR(FIND(",",TRIM(A77))),MID(TRIM(A77),1+LEN(TRIM(A77))-LEN(SUBSTITUTE(TRIM(A77)," ",""))+LEN(C77)+LEN(D77),30),LEFT(TRIM(A77), FIND(",",TRIM(A77))-1)) -> Eliet
A78: Finn Ellis | C78: =IF(ISERROR( FIND(",",TRIM(A78))),LEFT(TRIM(A78), FIND(" ",TRIM(A78))-1),MID(TRIM(A78),LEN(C78)+3,FIND(" ",TRIM(A78)&" ",LEN(C78)+3)-LEN(C78)-2)) -> Finn | D78: =IF(ISERROR(FIND(",",TRIM(A78))),IF(LEN(TRIM(A78))-LEN(SUBSTITUTE(TRIM(A78)," ",""))=2,MID(TRIM(A78),LEN(C78)+2,FIND(" ",TRIM(A78),LEN(C78)+2)-LEN(C78)-2),""),MID(TRIM(A78),3+LEN(C78)+LEN(E78),30)) | E78: =IF(ISERROR(FIND(",",TRIM(A78))),MID(TRIM(A78),1+LEN(TRIM(A78))-LEN(SUBSTITUTE(TRIM(A78)," ",""))+LEN(C78)+LEN(D78),30),LEFT(TRIM(A78), FIND(",",TRIM(A78))-1)) -> Ellis
A79: Levi Emmanuel | C79: =IF(ISERROR( FIND(",",TRIM(A79))),LEFT(TRIM(A79), FIND(" ",TRIM(A79))-1),MID(TRIM(A79),LEN(C79)+3,FIND(" ",TRIM(A79)&" ",LEN(C79)+3)-LEN(C79)-2)) -> Levi | D79: =IF(ISERROR(FIND(",",TRIM(A79))),IF(LEN(TRIM(A79))-LEN(SUBSTITUTE(TRIM(A79)," ",""))=2,MID(TRIM(A79),LEN(C79)+2,FIND(" ",TRIM(A79),LEN(C79)+2)-LEN(C79)-2),""),MID(TRIM(A79),3+LEN(C79)+LEN(E79),30)) | E79: =IF(ISERROR(FIND(",",TRIM(A79))),MID(TRIM(A79),1+LEN(TRIM(A79))-LEN(SUBSTITUTE(TRIM(A79)," ",""))+LEN(C79)+LEN(D79),30),LEFT(TRIM(A79), FIND(",",TRIM(A79))-1)) -> Emmanuel
A80: Kamryn Encarnacao | C80: =IF(ISERROR( FIND(",",TRIM(A80))),LEFT(TRIM(A80), FIND(" ",TRIM(A80))-1),MID(TRIM(A80),LEN(C80)+3,FIND(" ",TRIM(A80)&" ",LEN(C80)+3)-LEN(C80)-2)) -> Kamryn | D80: =IF(ISERROR(FIND(",",TRIM(A80))),IF(LEN(TRIM(A80))-LEN(SUBSTITUTE(TRIM(A80)," ",""))=2,MID(TRIM(A80),LEN(C80)+2,FIND(" ",TRIM(A80),LEN(C80)+2)-LEN(C80)-2),""),MID(TRIM(A80),3+LEN(C80)+LEN(E80),30)) | E80: =IF(ISERROR(FIND(",",TRIM(A80))),MID(TRIM(A80),1+LEN(TRIM(A80))-LEN(SUBSTITUTE(TRIM(A80)," ",""))+LEN(C80)+LEN(D80),30),LEFT(TRIM(A80), FIND(",",TRIM(A80))-1)) -> Encarnacao | F80: In - car - naw - see - oh
A81: Samuel Ewald | C81: =IF(ISERROR( FIND(",",TRIM(A81))),LEFT(TRIM(A81), FIND(" ",TRIM(A81))-1),MID(TRIM(A81),LEN(C81)+3,FIND(" ",TRIM(A81)&" ",LEN(C81)+3)-LEN(C81)-2)) -> Samuel | D81: =IF(ISERROR(FIND(",",TRIM(A81))),IF(LEN(TRIM(A81))-LEN(SUBSTITUTE(TRIM(A81)," ",""))=2,MID(TRIM(A81),LEN(C81)+2,FIND(" ",TRIM(A81),LEN(C81)+2)-LEN(C81)-2),""),MID(TRIM(A81),3+LEN(C81)+LEN(E81),30)) | E81: =IF(ISERROR(FIND(",",TRIM(A81))),MID(TRIM(A81),1+LEN(TRIM(A81))-LEN(SUBSTITUTE(TRIM(A81)," ",""))+LEN(C81)+LEN(D81),30),LEFT(TRIM(A81), FIND(",",TRIM(A81))-1)) -> Ewald | F81: Eee-wald
A82: Kaylie Fantasia | C82: =IF(ISERROR( FIND(",",TRIM(A82))),LEFT(TRIM(A82), FIND(" ",TRIM(A82))-1),MID(TRIM(A82),LEN(C82)+3,FIND(" ",TRIM(A82)&" ",LEN(C82)+3)-LEN(C82)-2)) -> Kaylie | D82: =IF(ISERROR(FIND(",",TRIM(A82))),IF(LEN(TRIM(A82))-LEN(SUBSTITUTE(TRIM(A82)," ",""))=2,MID(TRIM(A82),LEN(C82)+2,FIND(" ",TRIM(A82),LEN(C82)+2)-LEN(C82)-2),""),MID(TRIM(A82),3+LEN(C82)+LEN(E82),30)) | E82: =IF(ISERROR(FIND(",",TRIM(A82))),MID(TRIM(A82),1+LEN(TRIM(A82))-LEN(SUBSTITUTE(TRIM(A82)," ",""))+LEN(C82)+LEN(D82),30),LEFT(TRIM(A82), FIND(",",TRIM(A82))-1)) -> Fantasia | F82: kay-lee
A83: Vince Farnham | C83: =IF(ISERROR( FIND(",",TRIM(A83))),LEFT(TRIM(A83), FIND(" ",TRIM(A83))-1),MID(TRIM(A83),LEN(C83)+3,FIND(" ",TRIM(A83)&" ",LEN(C83)+3)-LEN(C83)-2)) -> Vince | D83: =IF(ISERROR(FIND(",",TRIM(A83))),IF(LEN(TRIM(A83))-LEN(SUBSTITUTE(TRIM(A83)," ",""))=2,MID(TRIM(A83),LEN(C83)+2,FIND(" ",TRIM(A83),LEN(C83)+2)-LEN(C83)-2),""),MID(TRIM(A83),3+LEN(C83)+LEN(E83),30)) | E83: =IF(ISERROR(FIND(",",TRIM(A83))),MID(TRIM(A83),1+LEN(TRIM(A83))-LEN(SUBSTITUTE(TRIM(A83)," ",""))+LEN(C83)+LEN(D83),30),LEFT(TRIM(A83), FIND(",",TRIM(A83))-1)) -> Farnham
A84: Colby Farris | C84: =IF(ISERROR( FIND(",",TRIM(A84))),LEFT(TRIM(A84), FIND(" ",TRIM(A84))-1),MID(TRIM(A84),LEN(C84)+3,FIND(" ",TRIM(A84)&" ",LEN(C84)+3)-LEN(C84)-2)) -> Colby | D84: =IF(ISERROR(FIND(",",TRIM(A84))),IF(LEN(TRIM(A84))-LEN(SUBSTITUTE(TRIM(A84)," ",""))=2,MID(TRIM(A84),LEN(C84)+2,FIND(" ",TRIM(A84),LEN(C84)+2)-LEN(C84)-2),""),MID(TRIM(A84),3+LEN(C84)+LEN(E84),30)) | E84: =IF(ISERROR(FIND(",",TRIM(A84))),MID(TRIM(A84),1+LEN(TRIM(A84))-LEN(SUBSTITUTE(TRIM(A84)," ",""))+LEN(C84)+LEN(D84),30),LEFT(TRIM(A84), FIND(",",TRIM(A84))-1)) -> Farris
A85: Bryan Fernandez | C85: =IF(ISERROR( FIND(",",TRIM(A85))),LEFT(TRIM(A85), FIND(" ",TRIM(A85))-1),MID(TRIM(A85),LEN(C85)+3,FIND(" ",TRIM(A85)&" ",LEN(C85)+3)-LEN(C85)-2)) -> Bryan | D85: =IF(ISERROR(FIND(",",TRIM(A85))),IF(LEN(TRIM(A85))-LEN(SUBSTITUTE(TRIM(A85)," ",""))=2,MID(TRIM(A85),LEN(C85)+2,FIND(" ",TRIM(A85),LEN(C85)+2)-LEN(C85)-2),""),MID(TRIM(A85),3+LEN(C85)+LEN(E85),30)) | E85: =IF(ISERROR(FIND(",",TRIM(A85))),MID(TRIM(A85),1+LEN(TRIM(A85))-LEN(SUBSTITUTE(TRIM(A85)," ",""))+LEN(C85)+LEN(D85),30),LEFT(TRIM(A85), FIND(",",TRIM(A85))-1)) -> Fernandez
A86: Ravi Finberg (not walking, program only) | C86: =IF(ISERROR( FIND(",",TRIM(A86))),LEFT(TRIM(A86), FIND(" ",TRIM(A86))-1),MID(TRIM(A86),LEN(C86)+3,FIND(" ",TRIM(A86)&" ",LEN(C86)+3)-LEN(C86)-2)) -> Barrington | D86: =IF(ISERROR(FIND(",",TRIM(A86))),IF(LEN(TRIM(A86))-LEN(SUBSTITUTE(TRIM(A86)," ",""))=2,MID(TRIM(A86),LEN(C86)+2,FIND(" ",TRIM(A86),LEN(C86)+2)-LEN(C86)-2),""),MID(TRIM(A86),3+LEN(C86)+LEN(E86),30)) | E86: =IF(ISERROR(FIND(",",TRIM(A86))),MID(TRIM(A86),1+LEN(TRIM(A86))-LEN(SUBSTITUTE(TRIM(A86)," ",""))+LEN(C86)+LEN(D86),30),LEFT(TRIM(A86), FIND(",",TRIM(A86))-1)) -> Ravi Finberg (not walking
A87: Thomas Fiore | C87: =IF(ISERROR( FIND(",",TRIM(A87))),LEFT(TRIM(A87), FIND(" ",TRIM(A87))-1),MID(TRIM(A87),LEN(C87)+3,FIND(" ",TRIM(A87)&" ",LEN(C87)+3)-LEN(C87)-2)) -> Thomas | D87: =IF(ISERROR(FIND(",",TRIM(A87))),IF(LEN(TRIM(A87))-LEN(SUBSTITUTE(TRIM(A87)," ",""))=2,MID(TRIM(A87),LEN(C87)+2,FIND(" ",TRIM(A87),LEN(C87)+2)-LEN(C87)-2),""),MID(TRIM(A87),3+LEN(C87)+LEN(E87),30)) | E87: =IF(ISERROR(FIND(",",TRIM(A87))),MID(TRIM(A87),1+LEN(TRIM(A87))-LEN(SUBSTITUTE(TRIM(A87)," ",""))+LEN(C87)+LEN(D87),30),LEFT(TRIM(A87), FIND(",",TRIM(A87))-1)) -> Fiore
A88: Finn Patrick Flaherty | C88: =IF(ISERROR( FIND(",",TRIM(A88))),LEFT(TRIM(A88), FIND(" ",TRIM(A88))-1),MID(TRIM(A88),LEN(C88)+3,FIND(" ",TRIM(A88)&" ",LEN(C88)+3)-LEN(C88)-2)) -> Finn | D88: =IF(ISERROR(FIND(",",TRIM(A88))),IF(LEN(TRIM(A88))-LEN(SUBSTITUTE(TRIM(A88)," ",""))=2,MID(TRIM(A88),LEN(C88)+2,FIND(" ",TRIM(A88),LEN(C88)+2)-LEN(C88)-2),""),MID(TRIM(A88),3+LEN(C88)+LEN(E88),30)) -> Patrick | E88: =IF(ISERROR(FIND(",",TRIM(A88))),MID(TRIM(A88),1+LEN(TRIM(A88))-LEN(SUBSTITUTE(TRIM(A88)," ",""))+LEN(C88)+LEN(D88),30),LEFT(TRIM(A88), FIND(",",TRIM(A88))-1)) -> Flaherty
A89: Matthew Forse | C89: =IF(ISERROR( FIND(",",TRIM(A89))),LEFT(TRIM(A89), FIND(" ",TRIM(A89))-1),MID(TRIM(A89),LEN(C89)+3,FIND(" ",TRIM(A89)&" ",LEN(C89)+3)-LEN(C89)-2)) -> Matthew | D89: =IF(ISERROR(FIND(",",TRIM(A89))),IF(LEN(TRIM(A89))-LEN(SUBSTITUTE(TRIM(A89)," ",""))=2,MID(TRIM(A89),LEN(C89)+2,FIND(" ",TRIM(A89),LEN(C89)+2)-LEN(C89)-2),""),MID(TRIM(A89),3+LEN(C89)+LEN(E89),30)) | E89: =IF(ISERROR(FIND(",",TRIM(A89))),MID(TRIM(A89),1+LEN(TRIM(A89))-LEN(SUBSTITUTE(TRIM(A89)," ",""))+LEN(C89)+LEN(D89),30),LEFT(TRIM(A89), FIND(",",TRIM(A89))-1)) -> Forse | F89: "Force", rhymes with HORSE
A90: Jacob Frank | C90: =IF(ISERROR( FIND(",",TRIM(A90))),LEFT(TRIM(A90), FIND(" ",TRIM(A90))-1),MID(TRIM(A90),LEN(C90)+3,FIND(" ",TRIM(A90)&" ",LEN(C90)+3)-LEN(C90)-2)) -> Jacob | D90: =IF(ISERROR(FIND(",",TRIM(A90))),IF(LEN(TRIM(A90))-LEN(SUBSTITUTE(TRIM(A90)," ",""))=2,MID(TRIM(A90),LEN(C90)+2,FIND(" ",TRIM(A90),LEN(C90)+2)-LEN(C90)-2),""),MID(TRIM(A90),3+LEN(C90)+LEN(E90),30)) | E90: =IF(ISERROR(FIND(",",TRIM(A90))),MID(TRIM(A90),1+LEN(TRIM(A90))-LEN(SUBSTITUTE(TRIM(A90)," ",""))+LEN(C90)+LEN(D90),30),LEFT(TRIM(A90), FIND(",",TRIM(A90))-1)) -> Frank
A91: Anthony Fratto | C91: =IF(ISERROR( FIND(",",TRIM(A91))),LEFT(TRIM(A91), FIND(" ",TRIM(A91))-1),MID(TRIM(A91),LEN(C91)+3,FIND(" ",TRIM(A91)&" ",LEN(C91)+3)-LEN(C91)-2)) -> Anthony | D91: =IF(ISERROR(FIND(",",TRIM(A91))),IF(LEN(TRIM(A91))-LEN(SUBSTITUTE(TRIM(A91)," ",""))=2,MID(TRIM(A91),LEN(C91)+2,FIND(" ",TRIM(A91),LEN(C91)+2)-LEN(C91)-2),""),MID(TRIM(A91),3+LEN(C91)+LEN(E91),30)) | E91: =IF(ISERROR(FIND(",",TRIM(A91))),MID(TRIM(A91),1+LEN(TRIM(A91))-LEN(SUBSTITUTE(TRIM(A91)," ",""))+LEN(C91)+LEN(D91),30),LEFT(TRIM(A91), FIND(",",TRIM(A91))-1)) -> Fratto
A92: Gavin Fucarile | C92: =IF(ISERROR( FIND(",",TRIM(A92))),LEFT(TRIM(A92), FIND(" ",TRIM(A92))-1),MID(TRIM(A92),LEN(C92)+3,FIND(" ",TRIM(A92)&" ",LEN(C92)+3)-LEN(C92)-2)) -> Gavin | D92: =IF(ISERROR(FIND(",",TRIM(A92))),IF(LEN(TRIM(A92))-LEN(SUBSTITUTE(TRIM(A92)," ",""))=2,MID(TRIM(A92),LEN(C92)+2,FIND(" ",TRIM(A92),LEN(C92)+2)-LEN(C92)-2),""),MID(TRIM(A92),3+LEN(C92)+LEN(E92),30)) | E92: =IF(ISERROR(FIND(",",TRIM(A92))),MID(TRIM(A92),1+LEN(TRIM(A92))-LEN(SUBSTITUTE(TRIM(A92)," ",""))+LEN(C92)+LEN(D92),30),LEFT(TRIM(A92), FIND(",",TRIM(A92))-1)) -> Fucarile | F92: Fuke-ah-rill
A93: Cole Fusco | C93: =IF(ISERROR( FIND(",",TRIM(A93))),LEFT(TRIM(A93), FIND(" ",TRIM(A93))-1),MID(TRIM(A93),LEN(C93)+3,FIND(" ",TRIM(A93)&" ",LEN(C93)+3)-LEN(C93)-2)) -> Cole | D93: =IF(ISERROR(FIND(",",TRIM(A93))),IF(LEN(TRIM(A93))-LEN(SUBSTITUTE(TRIM(A93)," ",""))=2,MID(TRIM(A93),LEN(C93)+2,FIND(" ",TRIM(A93),LEN(C93)+2)-LEN(C93)-2),""),MID(TRIM(A93),3+LEN(C93)+LEN(E93),30)) | E93: =IF(ISERROR(FIND(",",TRIM(A93))),MID(TRIM(A93),1+LEN(TRIM(A93))-LEN(SUBSTITUTE(TRIM(A93)," ",""))+LEN(C93)+LEN(D93),30),LEFT(TRIM(A93), FIND(",",TRIM(A93))-1)) -> Fusco
A94: Paul Richard Gaeta | C94: =IF(ISERROR( FIND(",",TRIM(A94))),LEFT(TRIM(A94), FIND(" ",TRIM(A94))-1),MID(TRIM(A94),LEN(C94)+3,FIND(" ",TRIM(A94)&" ",LEN(C94)+3)-LEN(C94)-2)) -> Paul | D94: =IF(ISERROR(FIND(",",TRIM(A94))),IF(LEN(TRIM(A94))-LEN(SUBSTITUTE(TRIM(A94)," ",""))=2,MID(TRIM(A94),LEN(C94)+2,FIND(" ",TRIM(A94),LEN(C94)+2)-LEN(C94)-2),""),MID(TRIM(A94),3+LEN(C94)+LEN(E94),30)) -> Richard | E94: =IF(ISERROR(FIND(",",TRIM(A94))),MID(TRIM(A94),1+LEN(TRIM(A94))-LEN(SUBSTITUTE(TRIM(A94)," ",""))+LEN(C94)+LEN(D94),30),LEFT(TRIM(A94), FIND(",",TRIM(A94))-1)) -> Gaeta
A95: Lucas Gager | C95: =IF(ISERROR( FIND(",",TRIM(A95))),LEFT(TRIM(A95), FIND(" ",TRIM(A95))-1),MID(TRIM(A95),LEN(C95)+3,FIND(" ",TRIM(A95)&" ",LEN(C95)+3)-LEN(C95)-2)) -> Lucas | D95: =IF(ISERROR(FIND(",",TRIM(A95))),IF(LEN(TRIM(A95))-LEN(SUBSTITUTE(TRIM(A95)," ",""))=2,MID(TRIM(A95),LEN(C95)+2,FIND(" ",TRIM(A95),LEN(C95)+2)-LEN(C95)-2),""),MID(TRIM(A95),3+LEN(C95)+LEN(E95),30)) | E95: =IF(ISERROR(FIND(",",TRIM(A95))),MID(TRIM(A95),1+LEN(TRIM(A95))-LEN(SUBSTITUTE(TRIM(A95)," ",""))+LEN(C95)+LEN(D95),30),LEFT(TRIM(A95), FIND(",",TRIM(A95))-1)) -> Gager | F95: Gay-jer
A96: Nevaeh Galindo | C96: =IF(ISERROR( FIND(",",TRIM(A96))),LEFT(TRIM(A96), FIND(" ",TRIM(A96))-1),MID(TRIM(A96),LEN(C96)+3,FIND(" ",TRIM(A96)&" ",LEN(C96)+3)-LEN(C96)-2)) -> Nevaeh | D96: =IF(ISERROR(FIND(",",TRIM(A96))),IF(LEN(TRIM(A96))-LEN(SUBSTITUTE(TRIM(A96)," ",""))=2,MID(TRIM(A96),LEN(C96)+2,FIND(" ",TRIM(A96),LEN(C96)+2)-LEN(C96)-2),""),MID(TRIM(A96),3+LEN(C96)+LEN(E96),30)) | E96: =IF(ISERROR(FIND(",",TRIM(A96))),MID(TRIM(A96),1+LEN(TRIM(A96))-LEN(SUBSTITUTE(TRIM(A96)," ",""))+LEN(C96)+LEN(D96),30),LEFT(TRIM(A96), FIND(",",TRIM(A96))-1)) -> Galindo
A97: Joseph Gallagher | C97: =IF(ISERROR( FIND(",",TRIM(A97))),LEFT(TRIM(A97), FIND(" ",TRIM(A97))-1),MID(TRIM(A97),LEN(C97)+3,FIND(" ",TRIM(A97)&" ",LEN(C97)+3)-LEN(C97)-2)) -> Joseph | D97: =IF(ISERROR(FIND(",",TRIM(A97))),IF(LEN(TRIM(A97))-LEN(SUBSTITUTE(TRIM(A97)," ",""))=2,MID(TRIM(A97),LEN(C97)+2,FIND(" ",TRIM(A97),LEN(C97)+2)-LEN(C97)-2),""),MID(TRIM(A97),3+LEN(C97)+LEN(E97),30)) | E97: =IF(ISERROR(FIND(",",TRIM(A97))),MID(TRIM(A97),1+LEN(TRIM(A97))-LEN(SUBSTITUTE(TRIM(A97)," ",""))+LEN(C97)+LEN(D97),30),LEFT(TRIM(A97), FIND(",",TRIM(A97))-1)) -> Gallagher | F97: Joseph Gallagher
A98: Brendan Gauvin | C98: =IF(ISERROR( FIND(",",TRIM(A98))),LEFT(TRIM(A98), FIND(" ",TRIM(A98))-1),MID(TRIM(A98),LEN(C98)+3,FIND(" ",TRIM(A98)&" ",LEN(C98)+3)-LEN(C98)-2)) -> Brendan | D98: =IF(ISERROR(FIND(",",TRIM(A98))),IF(LEN(TRIM(A98))-LEN(SUBSTITUTE(TRIM(A98)," ",""))=2,MID(TRIM(A98),LEN(C98)+2,FIND(" ",TRIM(A98),LEN(C98)+2)-LEN(C98)-2),""),MID(TRIM(A98),3+LEN(C98)+LEN(E98),30)) | E98: =IF(ISERROR(FIND(",",TRIM(A98))),MID(TRIM(A98),1+LEN(TRIM(A98))-LEN(SUBSTITUTE(TRIM(A98)," ",""))+LEN(C98)+LEN(D98),30),LEFT(TRIM(A98), FIND(",",TRIM(A98))-1)) -> Gauvin | F98: Gau-vin
A99: Bereket Gebeyaw | C99: =IF(ISERROR( FIND(",",TRIM(A99))),LEFT(TRIM(A99), FIND(" ",TRIM(A99))-1),MID(TRIM(A99),LEN(C99)+3,FIND(" ",TRIM(A99)&" ",LEN(C99)+3)-LEN(C99)-2)) -> Bereket | D99: =IF(ISERROR(FIND(",",TRIM(A99))),IF(LEN(TRIM(A99))-LEN(SUBSTITUTE(TRIM(A99)," ",""))=2,MID(TRIM(A99),LEN(C99)+2,FIND(" ",TRIM(A99),LEN(C99)+2)-LEN(C99)-2),""),MID(TRIM(A99),3+LEN(C99)+LEN(E99),30)) | E99: =IF(ISERROR(FIND(",",TRIM(A99))),MID(TRIM(A99),1+LEN(TRIM(A99))-LEN(SUBSTITUTE(TRIM(A99)," ",""))+LEN(C99)+LEN(D99),30),LEFT(TRIM(A99), FIND(",",TRIM(A99))-1)) -> Gebeyaw
A100: Alix Gellot | C100: =IF(ISERROR( FIND(",",TRIM(A100))),LEFT(TRIM(A100), FIND(" ",TRIM(A100))-1),MID(TRIM(A100),LEN(C100)+3,FIND(" ",TRIM(A100)&" ",LEN(C100)+3)-LEN(C100)-2)) -> Alix | D100: =IF(ISERROR(FIND(",",TRIM(A100))),IF(LEN(TRIM(A100))-LEN(SUBSTITUTE(TRIM(A100)," ",""))=2,MID(TRIM(A100),LEN(C100)+2,FIND(" ",TRIM(A100),LEN(C100)+2)-LEN(C100)-2),""),MID(TRIM(A100),3+LEN(C100)+LEN(E100),30)) | E100: =IF(ISERROR(FIND(",",TRIM(A100))),MID(TRIM(A100),1+LEN(TRIM(A100))-LEN(SUBSTITUTE(TRIM(A100)," ",""))+LEN(C100)+LEN(D100),30),LEFT(TRIM(A100), FIND(",",TRIM(A100))-1)) -> Gellot
...

Sheet Names with Seat Code
A1: Grad Code | B1: CD Code | C1: First Name | D1: Middle | E1: Last Name | H1: Formal Name | I1: Honor
A2: 1 | B2: 1 | C2: ='Raw Name Splitter'!C2 -> Jillian | D2: ='Raw Name Splitter'!D2 -> Kate | E2: ='Raw Name Splitter'!E2 -> Abate | F2: ='Raw Name Splitter'!F2 -> a-bod-ee | L2: Directions
A3: =IF(ISTEXT(A2)=TRUE,1,2) -> 2 | B3: =IF(ISTEXT(B2)=TRUE,1,2) -> 2 | C3: ='Raw Name Splitter'!C3 -> Logan | D3: ='Raw Name Splitter'!D3 -> Ford | E3: ='Raw Name Splitter'!E3 -> Abrams | F3: ='Raw Name Splitter'!F3 -> 0 | L3: 1. Paste Formal Name and honor in columns H amd I
A4: =IF(ISTEXT(A3)=TRUE,A2+1,A3+1) -> 3 | B4: =IF(ISTEXT(B3)=TRUE,B2+1,B3+1) -> 3 | C4: ='Raw Name Splitter'!C4 -> Raniya | D4: ='Raw Name Splitter'!D4 | E4: ='Raw Name Splitter'!E4 -> Abubakar | F4: ='Raw Name Splitter'!F4 -> Raw-knee-yuh Uh-boo-buh-ker | L4: 2. Shift H and I up/down to match the names in C to F
A5: =IF(ISTEXT(A4)=TRUE,A3+1,A4+1) -> 4 | B5: =IF(ISTEXT(B4)=TRUE,B3+1,B4+1) -> 4 | C5: ='Raw Name Splitter'!C5 -> Luis | D5: ='Raw Name Splitter'!D5 | E5: ='Raw Name Splitter'!E5 -> Aburto Campos | F5: ='Raw Name Splitter'!F5 -> Lou eese Aburto Campos | L5: 3. Add codes
A6: =IF(ISTEXT(A5)=TRUE,A4+1,A5+1) -> 5 | B6: =IF(ISTEXT(B5)=TRUE,IF(ISTEXT(B4)=TRUE,B3+1,B4+1),B5+1) -> 5 | C6: ='Raw Name Splitter'!C6 -> Devyn | D6: ='Raw Name Splitter'!D6 | E6: ='Raw Name Splitter'!E6 -> Ahlert | F6: ='Raw Name Splitter'!F6 -> Dev-in AL-ert
A7: =IF(ISTEXT(A6)=TRUE,A5+1,A6+1) -> 6 | B7: =IF(ISTEXT(B6)=TRUE,IF(ISTEXT(B5)=TRUE,B4+1,B5+1),B6+1) -> 6 | C7: ='Raw Name Splitter'!C7 -> Alexander | D7: ='Raw Name Splitter'!D7 | E7: ='Raw Name Splitter'!E7 -> Aiello | F7: ='Raw Name Splitter'!F7 -> Aiello (I-L-O) | L7: Codes
A8: =IF(ISTEXT(A7)=TRUE,IF(ISTEXT(A6)=TRUE,A5+1,A6+1),A7+1) -> 7 | B8: =IF(ISTEXT(B7)=TRUE,IF(ISTEXT(B6)=TRUE,B5+1,B6+1),B7+1) -> 7 | C8: ='Raw Name Splitter'!C8 -> Reese | D8: ='Raw Name Splitter'!D8 | E8: ='Raw Name Splitter'!E8 -> Allen | F8: ='Raw Name Splitter'!F8 -> Reese Allen | L8: val | M8: valedictorian
A9: =IF(ISTEXT(A8)=TRUE,IF(ISTEXT(A7)=TRUE,A6+1,A7+1),A8+1) -> 8 | B9: =IF(ISTEXT(B8)=TRUE,IF(ISTEXT(B7)=TRUE,B6+1,B7+1),B8+1) -> 8 | C9: ='Raw Name Splitter'!C9 -> Fabricio | D9: ='Raw Name Splitter'!D9 | E9: ='Raw Name Splitter'!E9 -> Amado | F9: ='Raw Name Splitter'!F9 -> Fah-bree-cee-oh Ah-mod-oh | L9: v2 | M9: use in case of tie for val or sal
A10: =IF(ISTEXT(A9)=TRUE,IF(ISTEXT(A8)=TRUE,A7+1,A8+1),A9+1) -> 9 | B10: =IF(ISTEXT(B9)=TRUE,IF(ISTEXT(B8)=TRUE,B7+1,B8+1),B9+1) -> 9 | C10: ='Raw Name Splitter'!C10 -> Joseph | D10: ='Raw Name Splitter'!D10 | E10: ='Raw Name Splitter'!E10 -> Amirault | F10: ='Raw Name Splitter'!F10 -> 0 | L10: sal | M10: salutorian
A11: =IF(ISTEXT(A10)=TRUE,IF(ISTEXT(A9)=TRUE,A8+1,A9+1),A10+1) -> 10 | B11: =IF(ISTEXT(B10)=TRUE,IF(ISTEXT(B9)=TRUE,B8+1,B9+1),B10+1) -> 10 | C11: ='Raw Name Splitter'!C11 -> Brady | D11: ='Raw Name Splitter'!D11 | E11: ='Raw Name Splitter'!E11 -> Anderson | F11: ='Raw Name Splitter'!F11 -> 0 | L11: scp | M11: student council president
A12: =IF(ISTEXT(A11)=TRUE,IF(ISTEXT(A10)=TRUE,A9+1,A10+1),A11+1) -> 11 | B12: =IF(ISTEXT(B11)=TRUE,IF(ISTEXT(B10)=TRUE,B9+1,B10+1),B11+1) -> 11 | C12: ='Raw Name Splitter'!C12 -> Barrington | D12: ='Raw Name Splitter'!D12 | E12: ='Raw Name Splitter'!E12 -> Anderson | F12: ='Raw Name Splitter'!F12 -> 0 | L12: cp | M12: class president
A13: =IF(ISTEXT(A12)=TRUE,IF(ISTEXT(A11)=TRUE,A10+1,A11+1),A12+1) -> 12 | B13: =IF(ISTEXT(B12)=TRUE,IF(ISTEXT(B11)=TRUE,B10+1,B11+1),B12+1) -> 12 | C13: ='Raw Name Splitter'!C13 -> Isabella | D13: ='Raw Name Splitter'!D13 | E13: ='Raw Name Splitter'!E13 -> Aquino | F13: ='Raw Name Splitter'!F13 -> Isabell-uh Ah-kee-no | L13: c1 | M13: class officer 1 - usual vp
A14: =IF(ISTEXT(A13)=TRUE,IF(ISTEXT(A12)=TRUE,A11+1,A12+1),A13+1) -> 13 | B14: =IF(ISTEXT(B13)=TRUE,IF(ISTEXT(B12)=TRUE,B11+1,B12+1),B13+1) -> 13 | C14: ='Raw Name Splitter'!C14 -> Lucas | D14: ='Raw Name Splitter'!D14 | E14: ='Raw Name Splitter'!E14 -> Aquino | F14: ='Raw Name Splitter'!F14 -> 0 | L14: c2 | M14: class officer 2 - usual treasurer
A15: =IF(ISTEXT(A14)=TRUE,IF(ISTEXT(A13)=TRUE,A12+1,A13+1),A14+1) -> 14 | B15: =IF(ISTEXT(B14)=TRUE,IF(ISTEXT(B13)=TRUE,B12+1,B13+1),B14+1) -> 14 | C15: ='Raw Name Splitter'!C15 -> Tiago | D15: ='Raw Name Splitter'!D15 | E15: ='Raw Name Splitter'!E15 -> Araujo | F15: ='Raw Name Splitter'!F15 -> TEE-ah-go AH-ra-joe | L15: c3 | M15: class officer 3 - usually secretary
A16: =IF(ISTEXT(A15)=TRUE,IF(ISTEXT(A14)=TRUE,A13+1,A14+1),A15+1) -> 15 | B16: =IF(ISTEXT(B15)=TRUE,IF(ISTEXT(B14)=TRUE,B13+1,B14+1),B15+1) -> 15 | C16: ='Raw Name Splitter'!C16 -> Chloe | D16: ='Raw Name Splitter'!D16 | E16: ='Raw Name Splitter'!E16 -> Aretusi | F16: ='Raw Name Splitter'!F16 -> ah-reh-toozy | L16: c4 | M16: class officer
A17: =IF(ISTEXT(A16)=TRUE,IF(ISTEXT(A15)=TRUE,A14+1,A15+1),A16+1) -> 16 | B17: =IF(ISTEXT(B16)=TRUE,IF(ISTEXT(B15)=TRUE,B14+1,B15+1),B16+1) -> 16 | C17: ='Raw Name Splitter'!C17 -> Evan | D17: ='Raw Name Splitter'!D17 | E17: ='Raw Name Splitter'!E17 -> Audley | F17: ='Raw Name Splitter'!F17 -> 0 | L17: c5 | M17: class officer
A18: =IF(ISTEXT(A17)=TRUE,IF(ISTEXT(A16)=TRUE,A15+1,A16+1),A17+1) -> 17 | B18: =IF(ISTEXT(B17)=TRUE,IF(ISTEXT(B16)=TRUE,B15+1,B16+1),B17+1) -> 17 | C18: ='Raw Name Splitter'!C18 -> Natalie | D18: ='Raw Name Splitter'!D18 | E18: ='Raw Name Splitter'!E18 -> Austin | F18: ='Raw Name Splitter'!F18 -> 0 | L18: c6 | M18: class officer
A19: =IF(ISTEXT(A18)=TRUE,IF(ISTEXT(A17)=TRUE,A16+1,A17+1),A18+1) -> 18 | B19: =IF(ISTEXT(B18)=TRUE,IF(ISTEXT(B17)=TRUE,B16+1,B17+1),B18+1) -> 18 | C19: ='Raw Name Splitter'!C19 -> Vivian | D19: ='Raw Name Splitter'!D19 | E19: ='Raw Name Splitter'!E19 -> Balas | F19: ='Raw Name Splitter'!F19 -> 0 | L19: c7 | M19: class officer
... A24: =IF(ISTEXT(A23)=TRUE,IF(ISTEXT(A22)=TRUE,A21+1,A22+1),A23+1) -> 23 | B24: =IF(ISTEXT(B23)=TRUE,IF(ISTEXT(B22)=TRUE,B21+1,B22+1),B23+1) -> 23 | C24: ='Raw Name Splitter'!C24 -> Jamison | D24: ='Raw Name Splitter'!D24 | E24: ='Raw Name Splitter'!E24 -> Bentley | F24: ='Raw Name Splitter'!F24 -> 0 | L24: x | M24: student is not walking
A25: =IF(ISTEXT(A24)=TRUE,IF(ISTEXT(A23)=TRUE,A22+1,A23+1),A24+1) -> 24 | B25: =IF(ISTEXT(B24)=TRUE,IF(ISTEXT(B23)=TRUE,B22+1,B23+1),B24+1) -> 24 | C25: ='Raw Name Splitter'!C25 -> Dhanya | D25: ='Raw Name Splitter'!D25 | E25: ='Raw Name Splitter'!E25 -> Bhola | F25: ='Raw Name Splitter'!F25 -> D- anya
A26: val | B26: val | C26: ='Raw Name Splitter'!C26 -> Amelia | D26: ='Raw Name Splitter'!D26 -> Jane | E26: ='Raw Name Splitter'!E26 -> Borawski | F26: ='Raw Name Splitter'!F26 -> 0
A27: =IF(ISTEXT(A26)=TRUE,IF(ISTEXT(A25)=TRUE,A24+1,A25+1),A26+1) -> 25 | B27: =IF(ISTEXT(B26)=TRUE,IF(ISTEXT(B25)=TRUE,B24+1,B25+1),B26+1) -> 25 | C27: ='Raw Name Splitter'!C27 -> Elizabeth | D27: ='Raw Name Splitter'!D27 | E27: ='Raw Name Splitter'!E27 -> Boucher | F27: ='Raw Name Splitter'!F27 -> BOO-SHAY
A28: =IF(ISTEXT(A27)=TRUE,IF(ISTEXT(A26)=TRUE,A25+1,A26+1),A27+1) -> 26 | B28: =IF(ISTEXT(B27)=TRUE,IF(ISTEXT(B26)=TRUE,B25+1,B26+1),B27+1) -> 26 | C28: ='Raw Name Splitter'!C28 -> Danielle | D28: ='Raw Name Splitter'!D28 | E28: ='Raw Name Splitter'!E28 -> Bowers | F28: ='Raw Name Splitter'!F28 -> 0
A29: =IF(ISTEXT(A28)=TRUE,IF(ISTEXT(A27)=TRUE,A26+1,A27+1),A28+1) -> 27 | B29: =IF(ISTEXT(B28)=TRUE,IF(ISTEXT(B27)=TRUE,B26+1,B27+1),B28+1) -> 27 | C29: ='Raw Name Splitter'!C29 -> Lucas | D29: ='Raw Name Splitter'!D29 | E29: ='Raw Name Splitter'!E29 -> Bowlin | F29: ='Raw Name Splitter'!F29 -> bohl-in
A30: sal | B30: sal | C30: ='Raw Name Splitter'!C30 -> Indigo | D30: ='Raw Name Splitter'!D30 | E30: ='Raw Name Splitter'!E30 -> Boyko | F30: ='Raw Name Splitter'!F30 -> 0
A31: =IF(ISTEXT(A30)=TRUE,IF(ISTEXT(A29)=TRUE,A28+1,A29+1),A30+1) -> 28 | B31: =IF(ISTEXT(B30)=TRUE,IF(ISTEXT(B29)=TRUE,B28+1,B29+1),B30+1) -> 28 | C31: ='Raw Name Splitter'!C31 -> Kaleb | D31: ='Raw Name Splitter'!D31 | E31: ='Raw Name Splitter'!E31 -> Brady | F31: ='Raw Name Splitter'!F31 -> 0
A32: =IF(ISTEXT(A31)=TRUE,IF(ISTEXT(A30)=TRUE,A29+1,A30+1),A31+1) -> 29 | B32: =IF(ISTEXT(B31)=TRUE,IF(ISTEXT(B30)=TRUE,B29+1,B30+1),B31+1) -> 29 | C32: ='Raw Name Splitter'!C32 -> A.J. | D32: ='Raw Name Splitter'!D32 | E32: ='Raw Name Splitter'!E32 -> Bramante
A33: =IF(ISTEXT(A32)=TRUE,IF(ISTEXT(A31)=TRUE,A30+1,A31+1),A32+1) -> 30 | B33: =IF(ISTEXT(B32)=TRUE,IF(ISTEXT(B31)=TRUE,B30+1,B31+1),B32+1) -> 30 | C33: ='Raw Name Splitter'!C33 -> Ashley | D33: ='Raw Name Splitter'!D33 | E33: ='Raw Name Splitter'!E33 -> Brown | F33: ='Raw Name Splitter'!F33 -> 0
A34: =IF(ISTEXT(A33)=TRUE,IF(ISTEXT(A32)=TRUE,A31+1,A32+1),A33+1) -> 31 | B34: =IF(ISTEXT(B33)=TRUE,IF(ISTEXT(B32)=TRUE,B31+1,B32+1),B33+1) -> 31 | C34: ='Raw Name Splitter'!C34 -> Elijah | D34: ='Raw Name Splitter'!D34 | E34: ='Raw Name Splitter'!E34 -> Brown | F34: ='Raw Name Splitter'!F34 -> 0
A35: x | B35: x | C35: ='Raw Name Splitter'!C35 -> Joseph | D35: ='Raw Name Splitter'!D35 | E35: ='Raw Name Splitter'!E35 -> Luke Anthony Bunker (not eligible not walking | F35: ='Raw Name Splitter'!F35 -> 0
A36: =IF(ISTEXT(A35)=TRUE,IF(ISTEXT(A34)=TRUE,A33+1,A34+1),A35+1) -> 32 | B36: =IF(ISTEXT(B35)=TRUE,IF(ISTEXT(B34)=TRUE,B33+1,B34+1),B35+1) -> 32 | C36: ='Raw Name Splitter'!C36 -> Braeden | D36: ='Raw Name Splitter'!D36 | E36: ='Raw Name Splitter'!E36 -> Callan | F36: ='Raw Name Splitter'!F36 -> 0
A37: =IF(ISTEXT(A36)=TRUE,IF(ISTEXT(A35)=TRUE,A34+1,A35+1),A36+1) -> 33 | B37: =IF(ISTEXT(B36)=TRUE,IF(ISTEXT(B35)=TRUE,B34+1,B35+1),B36+1) -> 33 | C37: ='Raw Name Splitter'!C37 -> Nilton | D37: ='Raw Name Splitter'!D37 | E37: ='Raw Name Splitter'!E37 -> Campos | F37: ='Raw Name Splitter'!F37 -> 0
A38: =IF(ISTEXT(A37)=TRUE,IF(ISTEXT(A36)=TRUE,A35+1,A36+1),A37+1) -> 34 | B38: =IF(ISTEXT(B37)=TRUE,IF(ISTEXT(B36)=TRUE,B35+1,B36+1),B37+1) -> 34 | C38: ='Raw Name Splitter'!C38 -> Ethan | D38: ='Raw Name Splitter'!D38 | E38: ='Raw Name Splitter'!E38 -> Cannon | F38: ='Raw Name Splitter'!F38 -> 0
A39: =IF(ISTEXT(A38)=TRUE,IF(ISTEXT(A37)=TRUE,A36+1,A37+1),A38+1) -> 35 | B39: =IF(ISTEXT(B38)=TRUE,IF(ISTEXT(B37)=TRUE,B36+1,B37+1),B38+1) -> 35 | C39: ='Raw Name Splitter'!C39 -> Lucas | D39: ='Raw Name Splitter'!D39 | E39: ='Raw Name Splitter'!E39 -> Carcione | F39: ='Raw Name Splitter'!F39 -> Car-See-O-Nee
A40: =IF(ISTEXT(A39)=TRUE,IF(ISTEXT(A38)=TRUE,A37+1,A38+1),A39+1) -> 36 | B40: =IF(ISTEXT(B39)=TRUE,IF(ISTEXT(B38)=TRUE,B37+1,B38+1),B39+1) -> 36 | C40: ='Raw Name Splitter'!C40 -> Nicholas | D40: ='Raw Name Splitter'!D40 -> Joseph | E40: ='Raw Name Splitter'!E40 -> Casarano | F40: ='Raw Name Splitter'!F40 -> 0
A41: =IF(ISTEXT(A40)=TRUE,IF(ISTEXT(A39)=TRUE,A38+1,A39+1),A40+1) -> 37 | B41: =IF(ISTEXT(B40)=TRUE,IF(ISTEXT(B39)=TRUE,B38+1,B39+1),B40+1) -> 37 | C41: ='Raw Name Splitter'!C41 -> Maggie | D41: ='Raw Name Splitter'!D41 | E41: ='Raw Name Splitter'!E41 -> Champlin-Scharff | F41: ='Raw Name Splitter'!F41 -> 0
A42: =IF(ISTEXT(A41)=TRUE,IF(ISTEXT(A40)=TRUE,A39+1,A40+1),A41+1) -> 38 | B42: =IF(ISTEXT(B41)=TRUE,IF(ISTEXT(B40)=TRUE,B39+1,B40+1),B41+1) -> 38 | C42: ='Raw Name Splitter'!C42 -> Elsa | D42: ='Raw Name Splitter'!D42 | E42: ='Raw Name Splitter'!E42 -> Chow | F42: ='Raw Name Splitter'!F42 -> 0
A43: =IF(ISTEXT(A42)=TRUE,IF(ISTEXT(A41)=TRUE,A40+1,A41+1),A42+1) -> 39 | B43: =IF(ISTEXT(B42)=TRUE,IF(ISTEXT(B41)=TRUE,B40+1,B41+1),B42+1) -> 39 | C43: ='Raw Name Splitter'!C43 -> Will | D43: ='Raw Name Splitter'!D43 | E43: ='Raw Name Splitter'!E43 -> Chute | F43: ='Raw Name Splitter'!F43 -> 0
A44: =IF(ISTEXT(A43)=TRUE,IF(ISTEXT(A42)=TRUE,A41+1,A42+1),A43+1) -> 40 | B44: =IF(ISTEXT(B43)=TRUE,IF(ISTEXT(B42)=TRUE,B41+1,B42+1),B43+1) -> 40 | C44: ='Raw Name Splitter'!C44 -> Max | D44: ='Raw Name Splitter'!D44 | E44: ='Raw Name Splitter'!E44 -> Cinelli | F44: ='Raw Name Splitter'!F44 -> 0
A45: =IF(ISTEXT(A44)=TRUE,IF(ISTEXT(A43)=TRUE,A42+1,A43+1),A44+1) -> 41 | B45: =IF(ISTEXT(B44)=TRUE,IF(ISTEXT(B43)=TRUE,B42+1,B43+1),B44+1) -> 41 | C45: ='Raw Name Splitter'!C45 -> Olivia | D45: ='Raw Name Splitter'!D45 -> Marie | E45: ='Raw Name Splitter'!E45 -> Cirrone | F45: ='Raw Name Splitter'!F45 -> Suh-row-nee
A46: =IF(ISTEXT(A45)=TRUE,IF(ISTEXT(A44)=TRUE,A43+1,A44+1),A45+1) -> 42 | B46: =IF(ISTEXT(B45)=TRUE,IF(ISTEXT(B44)=TRUE,B43+1,B44+1),B45+1) -> 42 | C46: ='Raw Name Splitter'!C46 -> Chadley | D46: ='Raw Name Splitter'!D46 | E46: ='Raw Name Splitter'!E46 -> Civil | F46: ='Raw Name Splitter'!F46 -> 0
A47: =IF(ISTEXT(A46)=TRUE,IF(ISTEXT(A45)=TRUE,A44+1,A45+1),A46+1) -> 43 | B47: =IF(ISTEXT(B46)=TRUE,IF(ISTEXT(B45)=TRUE,B44+1,B45+1),B46+1) -> 43 | C47: ='Raw Name Splitter'!C47 -> Sam | D47: ='Raw Name Splitter'!D47 | E47: ='Raw Name Splitter'!E47 -> Clark | F47: ='Raw Name Splitter'!F47 -> 0
A48: =IF(ISTEXT(A47)=TRUE,IF(ISTEXT(A46)=TRUE,A45+1,A46+1),A47+1) -> 44 | B48: =IF(ISTEXT(B47)=TRUE,IF(ISTEXT(B46)=TRUE,B45+1,B46+1),B47+1) -> 44 | C48: ='Raw Name Splitter'!C48 -> Thomas | D48: ='Raw Name Splitter'!D48 | E48: ='Raw Name Splitter'!E48 -> Cockrell | F48: ='Raw Name Splitter'!F48 -> 0
A49: x | B49: x | C49: ='Raw Name Splitter'!C49 -> Giavanna | D49: ='Raw Name Splitter'!D49 | E49: ='Raw Name Splitter'!E49 -> Rosie Columb (not eligible | F49: ='Raw Name Splitter'!F49 -> 0
A50: =IF(ISTEXT(A49)=TRUE,IF(ISTEXT(A48)=TRUE,A47+1,A48+1),A49+1) -> 45 | B50: =IF(ISTEXT(B49)=TRUE,IF(ISTEXT(B48)=TRUE,B47+1,B48+1),B49+1) -> 45 | C50: ='Raw Name Splitter'!C50 -> Brady | D50: ='Raw Name Splitter'!D50 | E50: ='Raw Name Splitter'!E50 -> Comenos | F50: ='Raw Name Splitter'!F50 -> Brady Com-e-nose
A51: =IF(ISTEXT(A50)=TRUE,IF(ISTEXT(A49)=TRUE,A48+1,A49+1),A50+1) -> 46 | B51: =IF(ISTEXT(B50)=TRUE,IF(ISTEXT(B49)=TRUE,B48+1,B49+1),B50+1) -> 46 | C51: ='Raw Name Splitter'!C51 -> Landen | D51: ='Raw Name Splitter'!D51 | E51: ='Raw Name Splitter'!E51 -> Connelly | F51: ='Raw Name Splitter'!F51 -> Landen connelly
A52: =IF(ISTEXT(A51)=TRUE,IF(ISTEXT(A50)=TRUE,A49+1,A50+1),A51+1) -> 47 | B52: =IF(ISTEXT(B51)=TRUE,IF(ISTEXT(B50)=TRUE,B49+1,B50+1),B51+1) -> 47 | C52: ='Raw Name Splitter'!C52 -> Tim | D52: ='Raw Name Splitter'!D52 | E52: ='Raw Name Splitter'!E52 -> Connolly | F52: ='Raw Name Splitter'!F52 -> 0
A53: =IF(ISTEXT(A52)=TRUE,IF(ISTEXT(A51)=TRUE,A50+1,A51+1),A52+1) -> 48 | B53: =IF(ISTEXT(B52)=TRUE,IF(ISTEXT(B51)=TRUE,B50+1,B51+1),B52+1) -> 48 | C53: ='Raw Name Splitter'!C53 -> Derek | D53: ='Raw Name Splitter'!D53 | E53: ='Raw Name Splitter'!E53 -> Connor | F53: ='Raw Name Splitter'!F53 -> Derek Connor
A54: =IF(ISTEXT(A53)=TRUE,IF(ISTEXT(A52)=TRUE,A51+1,A52+1),A53+1) -> 49 | B54: =IF(ISTEXT(B53)=TRUE,IF(ISTEXT(B52)=TRUE,B51+1,B52+1),B53+1) -> 49 | C54: ='Raw Name Splitter'!C54 -> Kayla | D54: ='Raw Name Splitter'!D54 | E54: ='Raw Name Splitter'!E54 -> Cox | F54: ='Raw Name Splitter'!F54 -> 0
A55: =IF(ISTEXT(A54)=TRUE,IF(ISTEXT(A53)=TRUE,A52+1,A53+1),A54+1) -> 50 | B55: =IF(ISTEXT(B54)=TRUE,IF(ISTEXT(B53)=TRUE,B52+1,B53+1),B54+1) -> 50 | C55: ='Raw Name Splitter'!C55 -> John | D55: ='Raw Name Splitter'!D55 | E55: ='Raw Name Splitter'!E55 -> Coyne | F55: ='Raw Name Splitter'!F55 -> 0
A56: =IF(ISTEXT(A55)=TRUE,IF(ISTEXT(A54)=TRUE,A53+1,A54+1),A55+1) -> 51 | B56: =IF(ISTEXT(B55)=TRUE,IF(ISTEXT(B54)=TRUE,B53+1,B54+1),B55+1) -> 51 | C56: ='Raw Name Splitter'!C56 -> Lily | D56: ='Raw Name Splitter'!D56 | E56: ='Raw Name Splitter'!E56 -> Crosby | F56: ='Raw Name Splitter'!F56 -> 0
A57: =IF(ISTEXT(A56)=TRUE,IF(ISTEXT(A55)=TRUE,A54+1,A55+1),A56+1) -> 52 | B57: =IF(ISTEXT(B56)=TRUE,IF(ISTEXT(B55)=TRUE,B54+1,B55+1),B56+1) -> 52 | C57: ='Raw Name Splitter'!C57 -> Molly | D57: ='Raw Name Splitter'!D57 | E57: ='Raw Name Splitter'!E57 -> Crowley | F57: ='Raw Name Splitter'!F57 -> 0
A58: =IF(ISTEXT(A57)=TRUE,IF(ISTEXT(A56)=TRUE,A55+1,A56+1),A57+1) -> 53 | B58: =IF(ISTEXT(B57)=TRUE,IF(ISTEXT(B56)=TRUE,B55+1,B56+1),B57+1) -> 53 | C58: ='Raw Name Splitter'!C58 -> Shea | D58: ='Raw Name Splitter'!D58 | E58: ='Raw Name Splitter'!E58 -> Cullen | F58: ='Raw Name Splitter'!F58 -> 0
A59: =IF(ISTEXT(A58)=TRUE,IF(ISTEXT(A57)=TRUE,A56+1,A57+1),A58+1) -> 54 | B59: =IF(ISTEXT(B58)=TRUE,IF(ISTEXT(B57)=TRUE,B56+1,B57+1),B58+1) -> 54 | C59: ='Raw Name Splitter'!C59 -> Jacklyn | D59: ='Raw Name Splitter'!D59 | E59: ='Raw Name Splitter'!E59 -> Cusolito | F59: ='Raw Name Splitter'!F59 -> 0
A60: =IF(ISTEXT(A59)=TRUE,IF(ISTEXT(A58)=TRUE,A57+1,A58+1),A59+1) -> 55 | B60: =IF(ISTEXT(B59)=TRUE,IF(ISTEXT(B58)=TRUE,B57+1,B58+1),B59+1) -> 55 | C60: ='Raw Name Splitter'!C60 -> Paige | D60: ='Raw Name Splitter'!D60 | E60: ='Raw Name Splitter'!E60 -> Cusolito | F60: ='Raw Name Splitter'!F60 -> 0
A61: x | B61: x | C61: ='Raw Name Splitter'!C61 -> Hans | D61: ='Raw Name Splitter'!D61 | E61: ='Raw Name Splitter'!E61 -> Dankers | F61: ='Raw Name Splitter'!F61 -> 0
A62: =IF(ISTEXT(A61)=TRUE,IF(ISTEXT(A60)=TRUE,A59+1,A60+1),A61+1) -> 56 | B62: =IF(ISTEXT(B61)=TRUE,IF(ISTEXT(B60)=TRUE,B59+1,B60+1),B61+1) -> 56 | C62: ='Raw Name Splitter'!C62 -> Walick | D62: ='Raw Name Splitter'!D62 -> 0 | E62: ='Raw Name Splitter'!E62 -> Da Silva | F62: ='Raw Name Splitter'!F62 -> Wall-lick Duh Silva
A63: x | B63: x | C63: ='Raw Name Splitter'!C63 -> Julia | D63: ='Raw Name Splitter'!D63 | E63: ='Raw Name Splitter'!E63 -> Hadley Davis (program only | F63: ='Raw Name Splitter'!F63 -> 0
A64: =IF(ISTEXT(A63)=TRUE,IF(ISTEXT(A62)=TRUE,A61+1,A62+1),A63+1) -> 57 | B64: =IF(ISTEXT(B63)=TRUE,IF(ISTEXT(B62)=TRUE,B61+1,B62+1),B63+1) -> 57 | C64: ='Raw Name Splitter'!C64 -> Cooper | D64: ='Raw Name Splitter'!D64 -> Joseph | E64: ='Raw Name Splitter'!E64 -> Dean | F64: ='Raw Name Splitter'!F64 -> (Coo-pur) (Joe-Sef) (Deen)
A65: =IF(ISTEXT(A64)=TRUE,IF(ISTEXT(A63)=TRUE,A62+1,A63+1),A64+1) -> 58 | B65: =IF(ISTEXT(B64)=TRUE,IF(ISTEXT(B63)=TRUE,B62+1,B63+1),B64+1) -> 58 | C65: ='Raw Name Splitter'!C65 -> Happiness | D65: ='Raw Name Splitter'!D65 -> Osarugue | E65: ='Raw Name Splitter'!E65 -> Deji | F65: ='Raw Name Splitter'!F65 -> o sa ru gue
A66: =IF(ISTEXT(A65)=TRUE,IF(ISTEXT(A64)=TRUE,A63+1,A64+1),A65+1) -> 59 | B66: =IF(ISTEXT(B65)=TRUE,IF(ISTEXT(B64)=TRUE,B63+1,B64+1),B65+1) -> 59 | C66: ='Raw Name Splitter'!C66 -> Jack | D66: ='Raw Name Splitter'!D66 | E66: ='Raw Name Splitter'!E66 -> Denmark | F66: ='Raw Name Splitter'!F66 -> 0
A67: =IF(ISTEXT(A66)=TRUE,IF(ISTEXT(A65)=TRUE,A64+1,A65+1),A66+1) -> 60 | B67: =IF(ISTEXT(B66)=TRUE,IF(ISTEXT(B65)=TRUE,B64+1,B65+1),B66+1) -> 60 | C67: ='Raw Name Splitter'!C67 -> Julie | D67: ='Raw Name Splitter'!D67 | E67: ='Raw Name Splitter'!E67 -> DiDonato | F67: ='Raw Name Splitter'!F67 -> Dee-doe-na-to
A68: =IF(ISTEXT(A67)=TRUE,IF(ISTEXT(A66)=TRUE,A65+1,A66+1),A67+1) -> 61 | B68: =IF(ISTEXT(B67)=TRUE,IF(ISTEXT(B66)=TRUE,B65+1,B66+1),B67+1) -> 61 | C68: ='Raw Name Splitter'!C68 -> Antonio | D68: ='Raw Name Splitter'!D68 -> Joseph | E68: ='Raw Name Splitter'!E68 -> DiSerio | F68: ='Raw Name Splitter'!F68 -> 0
A69: =IF(ISTEXT(A68)=TRUE,IF(ISTEXT(A67)=TRUE,A66+1,A67+1),A68+1) -> 62 | B69: =IF(ISTEXT(B68)=TRUE,IF(ISTEXT(B67)=TRUE,B66+1,B67+1),B68+1) -> 62 | C69: ='Raw Name Splitter'!C69 -> Dante | D69: ='Raw Name Splitter'!D69 | E69: ='Raw Name Splitter'!E69 -> DiSerio | F69: ='Raw Name Splitter'!F69 -> Dis-ear-e-o
A70: =IF(ISTEXT(A69)=TRUE,IF(ISTEXT(A68)=TRUE,A67+1,A68+1),A69+1) -> 63 | B70: =IF(ISTEXT(B69)=TRUE,IF(ISTEXT(B68)=TRUE,B67+1,B68+1),B69+1) -> 63 | C70: ='Raw Name Splitter'!C70 -> Caitlin | D70: ='Raw Name Splitter'!D70 -> Anne | E70: ='Raw Name Splitter'!E70 -> Donaghey | F70: ='Raw Name Splitter'!F70 -> Don-a-hee
A71: =IF(ISTEXT(A70)=TRUE,IF(ISTEXT(A69)=TRUE,A68+1,A69+1),A70+1) -> 64 | B71: =IF(ISTEXT(B70)=TRUE,IF(ISTEXT(B69)=TRUE,B68+1,B69+1),B70+1) -> 64 | C71: ='Raw Name Splitter'!C71 -> Quinn | D71: ='Raw Name Splitter'!D71 -> Kendall | E71: ='Raw Name Splitter'!E71 -> Donahue | F71: ='Raw Name Splitter'!F71 -> 0
A72: =IF(ISTEXT(A71)=TRUE,IF(ISTEXT(A70)=TRUE,A69+1,A70+1),A71+1) -> 65 | B72: =IF(ISTEXT(B71)=TRUE,IF(ISTEXT(B70)=TRUE,B69+1,B70+1),B71+1) -> 65 | C72: ='Raw Name Splitter'!C72 -> Alana | D72: ='Raw Name Splitter'!D72 -> Mei-Lin Yamaki | E72: ='Raw Name Splitter'!E72 -> Doroquez | F72: ='Raw Name Splitter'!F72 -> Ah-lah-na May-Lynn Yah-mah-key Door-o-kez
A73: =IF(ISTEXT(A72)=TRUE,IF(ISTEXT(A71)=TRUE,A70+1,A71+1),A72+1) -> 66 | B73: =IF(ISTEXT(B72)=TRUE,IF(ISTEXT(B71)=TRUE,B70+1,B71+1),B72+1) -> 66 | C73: ='Raw Name Splitter'!C73 -> Cassidy | D73: ='Raw Name Splitter'!D73 | E73: ='Raw Name Splitter'!E73 -> Duca | F73: ='Raw Name Splitter'!F73 -> 0
A74: =IF(ISTEXT(A73)=TRUE,IF(ISTEXT(A72)=TRUE,A71+1,A72+1),A73+1) -> 67 | B74: =IF(ISTEXT(B73)=TRUE,IF(ISTEXT(B72)=TRUE,B71+1,B72+1),B73+1) -> 67 | C74: ='Raw Name Splitter'!C74 -> Kyle | D74: ='Raw Name Splitter'!D74 | E74: ='Raw Name Splitter'!E74 -> DuRoss | F74: ='Raw Name Splitter'!F74 -> Dew-Ross
A75: =IF(ISTEXT(A74)=TRUE,IF(ISTEXT(A73)=TRUE,A72+1,A73+1),A74+1) -> 68 | B75: =IF(ISTEXT(B74)=TRUE,IF(ISTEXT(B73)=TRUE,B72+1,B73+1),B74+1) -> 68 | C75: ='Raw Name Splitter'!C75 -> Sean | D75: ='Raw Name Splitter'!D75 | E75: ='Raw Name Splitter'!E75 -> DuRoss | F75: ='Raw Name Splitter'!F75 -> 0
A76: =IF(ISTEXT(A75)=TRUE,IF(ISTEXT(A74)=TRUE,A73+1,A74+1),A75+1) -> 69 | B76: =IF(ISTEXT(B75)=TRUE,IF(ISTEXT(B74)=TRUE,B73+1,B74+1),B75+1) -> 69 | C76: ='Raw Name Splitter'!C76 -> William | D76: ='Raw Name Splitter'!D76 | E76: ='Raw Name Splitter'!E76 -> Dyment | F76: ='Raw Name Splitter'!F76 -> 0
A77: x | B77: x | C77: ='Raw Name Splitter'!C77 -> Luca | D77: ='Raw Name Splitter'!D77 | E77: ='Raw Name Splitter'!E77 -> Eliet | F77: ='Raw Name Splitter'!F77 -> 0
A78: =IF(ISTEXT(A77)=TRUE,IF(ISTEXT(A76)=TRUE,A75+1,A76+1),A77+1) -> 70 | B78: =IF(ISTEXT(B77)=TRUE,IF(ISTEXT(B76)=TRUE,B75+1,B76+1),B77+1) -> 70 | C78: ='Raw Name Splitter'!C78 -> Finn | D78: ='Raw Name Splitter'!D78 | E78: ='Raw Name Splitter'!E78 -> Ellis | F78: ='Raw Name Splitter'!F78 -> 0
A79: =IF(ISTEXT(A78)=TRUE,IF(ISTEXT(A77)=TRUE,A76+1,A77+1),A78+1) -> 71 | B79: =IF(ISTEXT(B78)=TRUE,IF(ISTEXT(B77)=TRUE,B76+1,B77+1),B78+1) -> 71 | C79: ='Raw Name Splitter'!C79 -> Levi | D79: ='Raw Name Splitter'!D79 | E79: ='Raw Name Splitter'!E79 -> Emmanuel | F79: ='Raw Name Splitter'!F79 -> 0
A80: =IF(ISTEXT(A79)=TRUE,IF(ISTEXT(A78)=TRUE,A77+1,A78+1),A79+1) -> 72 | B80: =IF(ISTEXT(B79)=TRUE,IF(ISTEXT(B78)=TRUE,B77+1,B78+1),B79+1) -> 72 | C80: ='Raw Name Splitter'!C80 -> Kamryn | D80: ='Raw Name Splitter'!D80 | E80: ='Raw Name Splitter'!E80 -> Encarnacao | F80: ='Raw Name Splitter'!F80 -> In - car - naw - see - oh
A81: =IF(ISTEXT(A80)=TRUE,IF(ISTEXT(A79)=TRUE,A78+1,A79+1),A80+1) -> 73 | B81: =IF(ISTEXT(B80)=TRUE,IF(ISTEXT(B79)=TRUE,B78+1,B79+1),B80+1) -> 73 | C81: ='Raw Name Splitter'!C81 -> Samuel | D81: ='Raw Name Splitter'!D81 | E81: Ewald | F81: ='Raw Name Splitter'!F81 -> Eee-wald
A82: =IF(ISTEXT(A81)=TRUE,IF(ISTEXT(A80)=TRUE,A79+1,A80+1),A81+1) -> 74 | B82: =IF(ISTEXT(B81)=TRUE,IF(ISTEXT(B80)=TRUE,B79+1,B80+1),B81+1) -> 74 | C82: ='Raw Name Splitter'!C82 -> Kaylie | D82: ='Raw Name Splitter'!D82 | E82: ='Raw Name Splitter'!E82 -> Fantasia | F82: ='Raw Name Splitter'!F82 -> kay-lee
A83: =IF(ISTEXT(A82)=TRUE,IF(ISTEXT(A81)=TRUE,A80+1,A81+1),A82+1) -> 75 | B83: =IF(ISTEXT(B82)=TRUE,IF(ISTEXT(B81)=TRUE,B80+1,B81+1),B82+1) -> 75 | C83: ='Raw Name Splitter'!C83 -> Vince | D83: ='Raw Name Splitter'!D83 | E83: ='Raw Name Splitter'!E83 -> Farnham | F83: ='Raw Name Splitter'!F83 -> 0
A84: =IF(ISTEXT(A83)=TRUE,IF(ISTEXT(A82)=TRUE,A81+1,A82+1),A83+1) -> 76 | B84: =IF(ISTEXT(B83)=TRUE,IF(ISTEXT(B82)=TRUE,B81+1,B82+1),B83+1) -> 76 | C84: ='Raw Name Splitter'!C84 -> Colby | D84: ='Raw Name Splitter'!D84 | E84: ='Raw Name Splitter'!E84 -> Farris | F84: ='Raw Name Splitter'!F84 -> 0
A85: =IF(ISTEXT(A84)=TRUE,IF(ISTEXT(A83)=TRUE,A82+1,A83+1),A84+1) -> 77 | B85: =IF(ISTEXT(B84)=TRUE,IF(ISTEXT(B83)=TRUE,B82+1,B83+1),B84+1) -> 77 | C85: ='Raw Name Splitter'!C85 -> Bryan | D85: ='Raw Name Splitter'!D85 | E85: ='Raw Name Splitter'!E85 -> Fernandez | F85: ='Raw Name Splitter'!F85 -> 0
A86: x | B86: x | C86: ='Raw Name Splitter'!C86 -> Oliver | D86: ='Raw Name Splitter'!D86 | E86: ='Raw Name Splitter'!E86 -> Ravi Finberg (not walking | F86: ='Raw Name Splitter'!F86 -> 0
A87: =IF(ISTEXT(A86)=TRUE,IF(ISTEXT(A85)=TRUE,A84+1,A85+1),A86+1) -> 78 | B87: =IF(ISTEXT(B86)=TRUE,IF(ISTEXT(B85)=TRUE,B84+1,B85+1),B86+1) -> 78 | C87: ='Raw Name Splitter'!C87 -> Thomas | D87: ='Raw Name Splitter'!D87 | E87: ='Raw Name Splitter'!E87 -> Fiore | F87: ='Raw Name Splitter'!F87 -> 0
A88: =IF(ISTEXT(A87)=TRUE,IF(ISTEXT(A86)=TRUE,A85+1,A86+1),A87+1) -> 79 | B88: =IF(ISTEXT(B87)=TRUE,IF(ISTEXT(B86)=TRUE,B85+1,B86+1),B87+1) -> 79 | C88: ='Raw Name Splitter'!C88 -> Finn | D88: ='Raw Name Splitter'!D88 -> Patrick | E88: ='Raw Name Splitter'!E88 -> Flaherty | F88: ='Raw Name Splitter'!F88 -> 0
A89: =IF(ISTEXT(A88)=TRUE,IF(ISTEXT(A87)=TRUE,A86+1,A87+1),A88+1) -> 80 | B89: =IF(ISTEXT(B88)=TRUE,IF(ISTEXT(B87)=TRUE,B86+1,B87+1),B88+1) -> 80 | C89: ='Raw Name Splitter'!C89 -> Matthew | D89: ='Raw Name Splitter'!D89 | E89: ='Raw Name Splitter'!E89 -> Forse | F89: ='Raw Name Splitter'!F89 -> "Force", rhymes with HORSE
A90: =IF(ISTEXT(A89)=TRUE,IF(ISTEXT(A88)=TRUE,A87+1,A88+1),A89+1) -> 81 | B90: =IF(ISTEXT(B89)=TRUE,IF(ISTEXT(B88)=TRUE,B87+1,B88+1),B89+1) -> 81 | C90: ='Raw Name Splitter'!C90 -> Jacob | D90: ='Raw Name Splitter'!D90 | E90: ='Raw Name Splitter'!E90 -> Frank | F90: ='Raw Name Splitter'!F90 -> 0
A91: =IF(ISTEXT(A90)=TRUE,IF(ISTEXT(A89)=TRUE,A88+1,A89+1),A90+1) -> 82 | B91: =IF(ISTEXT(B90)=TRUE,IF(ISTEXT(B89)=TRUE,B88+1,B89+1),B90+1) -> 82 | C91: ='Raw Name Splitter'!C91 -> Anthony | D91: ='Raw Name Splitter'!D91 | E91: ='Raw Name Splitter'!E91 -> Fratto | F91: ='Raw Name Splitter'!F91 -> 0
A92: =IF(ISTEXT(A91)=TRUE,IF(ISTEXT(A90)=TRUE,A89+1,A90+1),A91+1) -> 83 | B92: =IF(ISTEXT(B91)=TRUE,IF(ISTEXT(B90)=TRUE,B89+1,B90+1),B91+1) -> 83 | C92: ='Raw Name Splitter'!C92 -> Gavin | D92: ='Raw Name Splitter'!D92 | E92: ='Raw Name Splitter'!E92 -> Fucarile | F92: ='Raw Name Splitter'!F92 -> Fuke-ah-rill
A93: =IF(ISTEXT(A92)=TRUE,IF(ISTEXT(A91)=TRUE,A90+1,A91+1),A92+1) -> 84 | B93: =IF(ISTEXT(B92)=TRUE,IF(ISTEXT(B91)=TRUE,B90+1,B91+1),B92+1) -> 84 | C93: ='Raw Name Splitter'!C93 -> Cole | D93: ='Raw Name Splitter'!D93 | E93: ='Raw Name Splitter'!E93 -> Fusco | F93: ='Raw Name Splitter'!F93 -> 0
A94: =IF(ISTEXT(A93)=TRUE,IF(ISTEXT(A92)=TRUE,A91+1,A92+1),A93+1) -> 85 | B94: =IF(ISTEXT(B93)=TRUE,IF(ISTEXT(B92)=TRUE,B91+1,B92+1),B93+1) -> 85 | C94: ='Raw Name Splitter'!C94 -> Paul | D94: ='Raw Name Splitter'!D94 -> Richard | E94: ='Raw Name Splitter'!E94 -> Gaeta | F94: ='Raw Name Splitter'!F94 -> 0
A95: =IF(ISTEXT(A94)=TRUE,IF(ISTEXT(A93)=TRUE,A92+1,A93+1),A94+1) -> 86 | B95: =IF(ISTEXT(B94)=TRUE,IF(ISTEXT(B93)=TRUE,B92+1,B93+1),B94+1) -> 86 | C95: ='Raw Name Splitter'!C95 -> Lucas | D95: ='Raw Name Splitter'!D95 | E95: ='Raw Name Splitter'!E95 -> Gager | F95: ='Raw Name Splitter'!F95 -> Gay-jer
A96: =IF(ISTEXT(A95)=TRUE,IF(ISTEXT(A94)=TRUE,A93+1,A94+1),A95+1) -> 87 | B96: =IF(ISTEXT(B95)=TRUE,IF(ISTEXT(B94)=TRUE,B93+1,B94+1),B95+1) -> 87 | C96: ='Raw Name Splitter'!C96 -> Nevaeh | D96: ='Raw Name Splitter'!D96 | E96: ='Raw Name Splitter'!E96 -> Galindo | F96: ='Raw Name Splitter'!F96 -> 0
A97: =IF(ISTEXT(A96)=TRUE,IF(ISTEXT(A95)=TRUE,A94+1,A95+1),A96+1) -> 88 | B97: =IF(ISTEXT(B96)=TRUE,IF(ISTEXT(B95)=TRUE,B94+1,B95+1),B96+1) -> 88 | C97: ='Raw Name Splitter'!C97 -> Joseph | D97: ='Raw Name Splitter'!D97 | E97: ='Raw Name Splitter'!E97 -> Gallagher | F97: ='Raw Name Splitter'!F97 -> Joseph Gallagher
A98: =IF(ISTEXT(A97)=TRUE,IF(ISTEXT(A96)=TRUE,A95+1,A96+1),A97+1) -> 89 | B98: =IF(ISTEXT(B97)=TRUE,IF(ISTEXT(B96)=TRUE,B95+1,B96+1),B97+1) -> 89 | C98: ='Raw Name Splitter'!C98 -> Brendan | D98: ='Raw Name Splitter'!D98 | E98: ='Raw Name Splitter'!E98 -> Gauvin | F98: ='Raw Name Splitter'!F98 -> Gau-vin
... A112: =IF(ISTEXT(A111)=TRUE,IF(ISTEXT(A110)=TRUE,A109+1,A110+1),A111+1) -> 103 | B112: =IF(ISTEXT(B111)=TRUE,IF(ISTEXT(B110)=TRUE,B109+1,B110+1),B111+1) -> 103 | C112: ='Raw Name Splitter'!C112 -> Margaret | D112: ='Raw Name Splitter'!D112 | E112: ='Raw Name Splitter'!E112 -> Hanifan | F112: ='Raw Name Splitter'!F112 -> 0
A113: x | B113: x | C113: ='Raw Name Splitter'!C113 -> Owen | D113: ='Raw Name Splitter'!D113 | E113: ='Raw Name Splitter'!E113 -> Lilly Hardy (not walkiing | F113: ='Raw Name Splitter'!F113 -> 0
A114: =IF(ISTEXT(A113)=TRUE,IF(ISTEXT(A112)=TRUE,A111+1,A112+1),A113+1) -> 104 | B114: =IF(ISTEXT(B113)=TRUE,IF(ISTEXT(B112)=TRUE,B111+1,B112+1),B113+1) -> 104 | C114: ='Raw Name Splitter'!C114 -> Cameron | D114: ='Raw Name Splitter'!D114 | E114: ='Raw Name Splitter'!E114 -> Harrigan | F114: ='Raw Name Splitter'!F114 -> 0
A115: c1 | B115: c1 | C115: ='Raw Name Splitter'!C115 -> Clara | D115: ='Raw Name Splitter'!D115 | E115: ='Raw Name Splitter'!E115 -> Healy | F115: ='Raw Name Splitter'!F115 -> 0
A116: =IF(ISTEXT(A115)=TRUE,IF(ISTEXT(A114)=TRUE,A113+1,A114+1),A115+1) -> 105 | B116: =IF(ISTEXT(B115)=TRUE,IF(ISTEXT(B114)=TRUE,B113+1,B114+1),B115+1) -> 105 | C116: ='Raw Name Splitter'!C116 -> Victoria | D116: ='Raw Name Splitter'!D116 | E116: ='Raw Name Splitter'!E116 -> Henri | F116: ='Raw Name Splitter'!F116 -> Vic-tor-ee-a Hen-ree
A117: =IF(ISTEXT(A116)=TRUE,IF(ISTEXT(A115)=TRUE,A114+1,A115+1),A116+1) -> 106 | B117: =IF(ISTEXT(B116)=TRUE,IF(ISTEXT(B115)=TRUE,B114+1,B115+1),B116+1) -> 106 | C117: ='Raw Name Splitter'!C117 -> Kayke | D117: ='Raw Name Splitter'!D117 | E117: ='Raw Name Splitter'!E117 -> Henrique | F117: ='Raw Name Splitter'!F117 -> 0
...

Sheet Grad Raw Data
A1: SECTION | B1: ROW | C1: SEAT NUMBER | D1: SIDE | E1: ROW | F1: SEAT NUMBER | G1: Honor | H1: Last Name | I1: First Name | K1: Middle
A2: STAGE | B2: STAGE | C2: 1 | D2: STAGE | E2: STAGE | F2: v1 | G2: =VLOOKUP(J2,'Names with Seat Code'!A:I,9,FALSE) -> 0 | H2: =VLOOKUP(J2,'Names with Seat Code'!A:E,5,FALSE) -> Borawski | I2: =VLOOKUP(J2,'Names with Seat Code'!A:E,3,FALSE) -> Amelia | J2: val | K2: =VLOOKUP(J2,'Names with Seat Code'!A:E,4,FALSE) -> Jane | L2: =VLOOKUP(J2,'Names with Seat Code'!A:F,6,FALSE) -> 0
A3: STAGE | B3: STAGE | C3: 1 | D3: STAGE | E3: STAGE | F3: v2 | G3: =VLOOKUP(J3,'Names with Seat Code'!A:I,9,FALSE) -> 0 | H3: =VLOOKUP(J3,'Names with Seat Code'!A:E,5,FALSE) -> - | I3: =VLOOKUP(J3,'Names with Seat Code'!A:E,3,FALSE) -> - | J3: v2
A4: STAGE | B4: STAGE | C4: 2 | D4: STAGE | E4: STAGE | F4: sal | G4: =VLOOKUP(J4,'Names with Seat Code'!A:I,9,FALSE) -> 0 | H4: =VLOOKUP(J4,'Names with Seat Code'!A:E,5,FALSE) -> Boyko | I4: =VLOOKUP(J4,'Names with Seat Code'!A:E,3,FALSE) -> Indigo | J4: sal | K4: =VLOOKUP(J4,'Names with Seat Code'!A:E,4,FALSE) | L4: =VLOOKUP(J4,'Names with Seat Code'!A:F,6,FALSE) -> 0
A5: STAGE | B5: STAGE | C5: 3 | D5: STAGE | E5: STAGE | F5: cp | G5: =VLOOKUP(J5,'Names with Seat Code'!A:I,9,FALSE) -> 0 | H5: =VLOOKUP(J5,'Names with Seat Code'!A:E,5,FALSE) -> Walsh | I5: =VLOOKUP(J5,'Names with Seat Code'!A:E,3,FALSE) -> Jason | J5: cp | K5: =VLOOKUP(J5,'Names with Seat Code'!A:E,4,FALSE) | L5: =VLOOKUP(J5,'Names with Seat Code'!A:F,6,FALSE) -> 0
A6: STAGE | B6: STAGE | C6: 4 | D6: STAGE | E6: STAGE | F6: scp | G6: =VLOOKUP(J6,'Names with Seat Code'!A:I,9,FALSE) -> 0 | H6: =VLOOKUP(J6,'Names with Seat Code'!A:E,5,FALSE) -> Wong | I6: =VLOOKUP(J6,'Names with Seat Code'!A:E,3,FALSE) -> Jessica | J6: scp | K6: =VLOOKUP(J6,'Names with Seat Code'!A:E,4,FALSE) | L6: =VLOOKUP(J6,'Names with Seat Code'!A:F,6,FALSE) -> 0
A7: LOWER | B7: A | C7: 101 | D7: RIGHT | E7: 1 | F7: 1 | G7: =VLOOKUP(J7,'Names with Seat Code'!A:I,9,FALSE) -> 0 | H7: =VLOOKUP(J7,'Names with Seat Code'!A:E,5,FALSE) -> Healy | I7: =VLOOKUP(J7,'Names with Seat Code'!A:E,3,FALSE) -> Clara | J7: c1 | K7: =VLOOKUP(J7,'Names with Seat Code'!A:E,4,FALSE) | L7: =VLOOKUP(J7,'Names with Seat Code'!A:F,6,FALSE) -> 0
A8: LOWER | B8: A | C8: 102 | D8: RIGHT | E8: 1 | F8: 2 | G8: =VLOOKUP(J8,'Names with Seat Code'!A:I,9,FALSE) -> 0 | H8: =VLOOKUP(J8,'Names with Seat Code'!A:E,5,FALSE) -> Hillery | I8: =VLOOKUP(J8,'Names with Seat Code'!A:E,3,FALSE) -> Samuel | J8: c2 | K8: =VLOOKUP(J8,'Names with Seat Code'!A:E,4,FALSE) | L8: =VLOOKUP(J8,'Names with Seat Code'!A:F,6,FALSE) -> 0
A9: LOWER | B9: A | C9: 103 | D9: RIGHT | E9: 1 | F9: 3 | G9: =VLOOKUP(J9,'Names with Seat Code'!A:I,9,FALSE) -> 0 | H9: =VLOOKUP(J9,'Names with Seat Code'!A:E,5,FALSE) -> Martin | I9: =VLOOKUP(J9,'Names with Seat Code'!A:E,3,FALSE) -> Piper | J9: c3 | K9: =VLOOKUP(J9,'Names with Seat Code'!A:E,4,FALSE) | L9: =VLOOKUP(J9,'Names with Seat Code'!A:F,6,FALSE) -> 0
A10: LOWER | B10: A | C10: 104 | D10: RIGHT | E10: 1 | F10: 4 | G10: =VLOOKUP(J10,'Names with Seat Code'!A:I,9,FALSE) -> 0 | H10: =VLOOKUP(J10,'Names with Seat Code'!A:E,5,FALSE) -> Mullin | I10: =VLOOKUP(J10,'Names with Seat Code'!A:E,3,FALSE) -> Aidan | J10: c4 | K10: =VLOOKUP(J10,'Names with Seat Code'!A:E,4,FALSE) | L10: =VLOOKUP(J10,'Names with Seat Code'!A:F,6,FALSE) -> Aidan Mullin
A11: LOWER | B11: A | C11: 105 | D11: RIGHT | E11: 1 | F11: 5 | G11: =VLOOKUP(J11,'Names with Seat Code'!A:I,9,FALSE) -> 0 | H11: =VLOOKUP(J11,'Names with Seat Code'!A:E,5,FALSE) -> Nelson | I11: =VLOOKUP(J11,'Names with Seat Code'!A:E,3,FALSE) -> Emma | J11: c5 | K11: =VLOOKUP(J11,'Names with Seat Code'!A:E,4,FALSE) -> Elizabeth | L11: =VLOOKUP(J11,'Names with Seat Code'!A:F,6,FALSE) -> 0
A12: LOWER | B12: A | C12: 106 | D12: RIGHT | E12: 1 | F12: 6 | G12: =VLOOKUP(J12,'Names with Seat Code'!A:I,9,FALSE) -> 0 | H12: =VLOOKUP(J12,'Names with Seat Code'!A:E,5,FALSE) -> Stathoulopoulos | I12: =VLOOKUP(J12,'Names with Seat Code'!A:E,3,FALSE) -> Thomas | J12: c6 | K12: =VLOOKUP(J12,'Names with Seat Code'!A:E,4,FALSE) | L12: =VLOOKUP(J12,'Names with Seat Code'!A:F,6,FALSE) -> Thomas Stath-oh-lop-oh-lus
A13: LOWER | B13: A | C13: 107 | D13: RIGHT | E13: 1 | F13: 7 | G13: =VLOOKUP(J13,'Names with Seat Code'!A:I,9,FALSE) -> 0 | H13: =VLOOKUP(J13,'Names with Seat Code'!A:E,5,FALSE) -> Vitarisi | I13: =VLOOKUP(J13,'Names with Seat Code'!A:E,3,FALSE) -> Cara | J13: c7 | K13: =VLOOKUP(J13,'Names with Seat Code'!A:E,4,FALSE) | L13: =VLOOKUP(J13,'Names with Seat Code'!A:F,6,FALSE) -> 0
A14: LOWER | B14: A | C14: 108 | D14: RIGHT | E14: 1 | F14: 8 | G14: =VLOOKUP(J14,'Names with Seat Code'!A:I,9,FALSE) -> 0 | H14: =VLOOKUP(J14,'Names with Seat Code'!A:E,5,FALSE) -> Abate | I14: =VLOOKUP(J14,'Names with Seat Code'!A:E,3,FALSE) -> Jillian | J14: 1 | K14: =VLOOKUP(J14,'Names with Seat Code'!A:E,4,FALSE) -> Kate | L14: =VLOOKUP(J14,'Names with Seat Code'!A:F,6,FALSE) -> a-bod-ee
A15: LOWER | B15: A | C15: 109 | D15: RIGHT | E15: 1 | F15: 9 | G15: =VLOOKUP(J15,'Names with Seat Code'!A:I,9,FALSE) -> 0 | H15: =VLOOKUP(J15,'Names with Seat Code'!A:E,5,FALSE) -> Abrams | I15: =VLOOKUP(J15,'Names with Seat Code'!A:E,3,FALSE) -> Logan | J15: 2 | K15: =VLOOKUP(J15,'Names with Seat Code'!A:E,4,FALSE) -> Ford
A16: LOWER | B16: A | C16: 110 | D16: RIGHT | E16: 1 | F16: 10 | G16: =VLOOKUP(J16,'Names with Seat Code'!A:I,9,FALSE) -> 0 | H16: =VLOOKUP(J16,'Names with Seat Code'!A:E,5,FALSE) -> Abubakar | I16: =VLOOKUP(J16,'Names with Seat Code'!A:E,3,FALSE) -> Raniya | J16: 3 | K16: =VLOOKUP(J16,'Names with Seat Code'!A:E,4,FALSE)
A17: LOWER | B17: A | C17: 111 | D17: RIGHT | E17: 1 | F17: 11 | G17: =VLOOKUP(J17,'Names with Seat Code'!A:I,9,FALSE) -> 0 | H17: =VLOOKUP(J17,'Names with Seat Code'!A:E,5,FALSE) -> Aburto Campos | I17: =VLOOKUP(J17,'Names with Seat Code'!A:E,3,FALSE) -> Luis | J17: 4 | K17: =VLOOKUP(J17,'Names with Seat Code'!A:E,4,FALSE)
A18: LOWER | B18: A | C18: 112 | D18: RIGHT | E18: 1 | F18: 12 | G18: =VLOOKUP(J18,'Names with Seat Code'!A:I,9,FALSE) -> 0 | H18: =VLOOKUP(J18,'Names with Seat Code'!A:E,5,FALSE) -> Ahlert | I18: =VLOOKUP(J18,'Names with Seat Code'!A:E,3,FALSE) -> Devyn | J18: 5 | K18: =VLOOKUP(J18,'Names with Seat Code'!A:E,4,FALSE) | L18: =VLOOKUP(J18,'Names with Seat Code'!A:F,6,FALSE) -> Dev-in AL-ert
A19: UPPER | B19: O | C19: 122 | D19: LEFT | E19: 1 | F19: 1 | G19: =VLOOKUP(J19,'Names with Seat Code'!A:I,9,FALSE) -> 0 | H19: =VLOOKUP(J19,'Names with Seat Code'!A:E,5,FALSE) -> Aiello | I19: =VLOOKUP(J19,'Names with Seat Code'!A:E,3,FALSE) -> Alexander | J19: 6 | K19: =VLOOKUP(J19,'Names with Seat Code'!A:E,4,FALSE) | L19: =VLOOKUP(J19,'Names with Seat Code'!A:F,6,FALSE) -> Aiello (I-L-O)
A20: UPPER | B20: O | C20: 120 | D20: LEFT | E20: 1 | F20: 2 | G20: =VLOOKUP(J20,'Names with Seat Code'!A:I,9,FALSE) -> 0 | H20: =VLOOKUP(J20,'Names with Seat Code'!A:E,5,FALSE) -> Allen | I20: =VLOOKUP(J20,'Names with Seat Code'!A:E,3,FALSE) -> Reese | J20: 7 | K20: =VLOOKUP(J20,'Names with Seat Code'!A:E,4,FALSE) | L20: =VLOOKUP(J20,'Names with Seat Code'!A:F,6,FALSE) -> Reese Allen
A21: UPPER | B21: O | C21: 118 | D21: LEFT | E21: 1 | F21: 3 | G21: =VLOOKUP(J21,'Names with Seat Code'!A:I,9,FALSE) -> 0 | H21: =VLOOKUP(J21,'Names with Seat Code'!A:E,5,FALSE) -> Amado | I21: =VLOOKUP(J21,'Names with Seat Code'!A:E,3,FALSE) -> Fabricio | J21: 8 | K21: =VLOOKUP(J21,'Names with Seat Code'!A:E,4,FALSE) | L21: =VLOOKUP(J21,'Names with Seat Code'!A:F,6,FALSE) -> Fah-bree-cee-oh Ah-mod-oh
A22: UPPER | B22: O | C22: 116 | D22: LEFT | E22: 1 | F22: 4 | G22: =VLOOKUP(J22,'Names with Seat Code'!A:I,9,FALSE) -> 0 | H22: =VLOOKUP(J22,'Names with Seat Code'!A:E,5,FALSE) -> Amirault | I22: =VLOOKUP(J22,'Names with Seat Code'!A:E,3,FALSE) -> Joseph | J22: 9 | K22: =VLOOKUP(J22,'Names with Seat Code'!A:E,4,FALSE) | L22: =VLOOKUP(J22,'Names with Seat Code'!A:F,6,FALSE) -> 0
A23: UPPER | B23: O | C23: 114 | D23: LEFT | E23: 1 | F23: 5 | G23: =VLOOKUP(J23,'Names with Seat Code'!A:I,9,FALSE) -> 0 | H23: =VLOOKUP(J23,'Names with Seat Code'!A:E,5,FALSE) -> Anderson | I23: =VLOOKUP(J23,'Names with Seat Code'!A:E,3,FALSE) -> Brady | J23: 10 | K23: =VLOOKUP(J23,'Names with Seat Code'!A:E,4,FALSE) | L23: =VLOOKUP(J23,'Names with Seat Code'!A:F,6,FALSE) -> 0
A24: UPPER | B24: O | C24: 112 | D24: LEFT | E24: 1 | F24: 6 | G24: =VLOOKUP(J24,'Names with Seat Code'!A:I,9,FALSE) -> 0 | H24: =VLOOKUP(J24,'Names with Seat Code'!A:E,5,FALSE) -> Anderson | I24: =VLOOKUP(J24,'Names with Seat Code'!A:E,3,FALSE) -> Barrington | J24: 11 | K24: =VLOOKUP(J24,'Names with Seat Code'!A:E,4,FALSE) | L24: =VLOOKUP(J24,'Names with Seat Code'!A:F,6,FALSE) -> 0
A25: UPPER | B25: O | C25: 110 | D25: LEFT | E25: 1 | F25: 7 | G25: =VLOOKUP(J25,'Names with Seat Code'!A:I,9,FALSE) -> 0 | H25: =VLOOKUP(J25,'Names with Seat Code'!A:E,5,FALSE) -> Aquino | I25: =VLOOKUP(J25,'Names with Seat Code'!A:E,3,FALSE) -> Isabella | J25: 12 | K25: =VLOOKUP(J25,'Names with Seat Code'!A:E,4,FALSE) | L25: =VLOOKUP(J25,'Names with Seat Code'!A:F,6,FALSE) -> Isabell-uh Ah-kee-no
A26: UPPER | B26: O | C26: 108 | D26: LEFT | E26: 1 | F26: 8 | G26: =VLOOKUP(J26,'Names with Seat Code'!A:I,9,FALSE) -> 0 | H26: =VLOOKUP(J26,'Names with Seat Code'!A:E,5,FALSE) -> Aquino | I26: =VLOOKUP(J26,'Names with Seat Code'!A:E,3,FALSE) -> Lucas | J26: 13 | K26: =VLOOKUP(J26,'Names with Seat Code'!A:E,4,FALSE) | L26: =VLOOKUP(J26,'Names with Seat Code'!A:F,6,FALSE) -> 0
A27: UPPER | B27: O | C27: 106 | D27: LEFT | E27: 1 | F27: 9 | G27: =VLOOKUP(J27,'Names with Seat Code'!A:I,9,FALSE) -> 0 | H27: =VLOOKUP(J27,'Names with Seat Code'!A:E,5,FALSE) -> Araujo | I27: =VLOOKUP(J27,'Names with Seat Code'!A:E,3,FALSE) -> Tiago | J27: 14 | K27: =VLOOKUP(J27,'Names with Seat Code'!A:E,4,FALSE) | L27: =VLOOKUP(J27,'Names with Seat Code'!A:F,6,FALSE) -> TEE-ah-go AH-ra-joe
A28: UPPER | B28: O | C28: 104 | D28: LEFT | E28: 1 | F28: 10 | G28: =VLOOKUP(J28,'Names with Seat Code'!A:I,9,FALSE) -> 0 | H28: =VLOOKUP(J28,'Names with Seat Code'!A:E,5,FALSE) -> Aretusi | I28: =VLOOKUP(J28,'Names with Seat Code'!A:E,3,FALSE) -> Chloe | J28: 15 | K28: =VLOOKUP(J28,'Names with Seat Code'!A:E,4,FALSE) | L28: =VLOOKUP(J28,'Names with Seat Code'!A:F,6,FALSE) -> ah-reh-toozy
A29: UPPER | B29: O | C29: 102 | D29: LEFT | E29: 1 | F29: 11 | G29: =VLOOKUP(J29,'Names with Seat Code'!A:I,9,FALSE) -> 0 | H29: =VLOOKUP(J29,'Names with Seat Code'!A:E,5,FALSE) -> Audley | I29: =VLOOKUP(J29,'Names with Seat Code'!A:E,3,FALSE) -> Evan | J29: 16 | K29: =VLOOKUP(J29,'Names with Seat Code'!A:E,4,FALSE) | L29: =VLOOKUP(J29,'Names with Seat Code'!A:F,6,FALSE) -> 0
... A102: UPPER | B102: P | C102: 3 | D102: LEFT | E102: 4 | F102: 12 | G102: =VLOOKUP(J102,'Names with Seat Code'!A:I,9,FALSE) -> 0 | H102: =VLOOKUP(J102,'Names with Seat Code'!A:E,5,FALSE) -> Gauvin | I102: =VLOOKUP(J102,'Names with Seat Code'!A:E,3,FALSE) -> Brendan | J102: 89 | K102: =VLOOKUP(J102,'Names with Seat Code'!A:E,4,FALSE) | L102: =VLOOKUP(J102,'Names with Seat Code'!A:F,6,FALSE) -> Gau-vin
A103: LOWER | B103: E | C103: 101 | D103: RIGHT | E103: =E79+1 -> 5 | F103: 1 | G103: =VLOOKUP(J103,'Names with Seat Code'!A:I,9,FALSE) -> 0 | H103: =VLOOKUP(J103,'Names with Seat Code'!A:E,5,FALSE) -> Gebeyaw | I103: =VLOOKUP(J103,'Names with Seat Code'!A:E,3,FALSE) -> Bereket | J103: 90 | K103: =VLOOKUP(J103,'Names with Seat Code'!A:E,4,FALSE) | L103: =VLOOKUP(J103,'Names with Seat Code'!A:F,6,FALSE) -> 0
A104: LOWER | B104: E | C104: 102 | D104: RIGHT | E104: =E80+1 -> 5 | F104: 2 | G104: =VLOOKUP(J104,'Names with Seat Code'!A:I,9,FALSE) -> 0 | H104: =VLOOKUP(J104,'Names with Seat Code'!A:E,5,FALSE) -> Gellot | I104: =VLOOKUP(J104,'Names with Seat Code'!A:E,3,FALSE) -> Alix | J104: 91 | K104: =VLOOKUP(J104,'Names with Seat Code'!A:E,4,FALSE) | L104: =VLOOKUP(J104,'Names with Seat Code'!A:F,6,FALSE) -> 0
A105: LOWER | B105: E | C105: 103 | D105: RIGHT | E105: =E81+1 -> 5 | F105: 3 | G105: =VLOOKUP(J105,'Names with Seat Code'!A:I,9,FALSE) -> 0 | H105: =VLOOKUP(J105,'Names with Seat Code'!A:E,5,FALSE) -> Gigler | I105: =VLOOKUP(J105,'Names with Seat Code'!A:E,3,FALSE) -> Cameron | J105: 92 | K105: =VLOOKUP(J105,'Names with Seat Code'!A:E,4,FALSE) | L105: =VLOOKUP(J105,'Names with Seat Code'!A:F,6,FALSE) -> 0
A106: LOWER | B106: E | C106: 104 | D106: RIGHT | E106: =E82+1 -> 5 | F106: 4 | G106: =VLOOKUP(J106,'Names with Seat Code'!A:I,9,FALSE) -> 0 | H106: =VLOOKUP(J106,'Names with Seat Code'!A:E,5,FALSE) -> Gisetto | I106: =VLOOKUP(J106,'Names with Seat Code'!A:E,3,FALSE) -> Alex | J106: 93 | K106: =VLOOKUP(J106,'Names with Seat Code'!A:E,4,FALSE) | L106: =VLOOKUP(J106,'Names with Seat Code'!A:F,6,FALSE) -> 0
A107: LOWER | B107: E | C107: 105 | D107: RIGHT | E107: =E83+1 -> 5 | F107: 5 | G107: =VLOOKUP(J107,'Names with Seat Code'!A:I,9,FALSE) -> 0 | H107: =VLOOKUP(J107,'Names with Seat Code'!A:E,5,FALSE) -> Goldlust | I107: =VLOOKUP(J107,'Names with Seat Code'!A:E,3,FALSE) -> Benjamin | J107: 94 | K107: =VLOOKUP(J107,'Names with Seat Code'!A:E,4,FALSE) | L107: =VLOOKUP(J107,'Names with Seat Code'!A:F,6,FALSE) -> 0
A108: LOWER | B108: E | C108: 106 | D108: RIGHT | E108: =E84+1 -> 5 | F108: 6 | G108: =VLOOKUP(J108,'Names with Seat Code'!A:I,9,FALSE) -> 0 | H108: =VLOOKUP(J108,'Names with Seat Code'!A:E,5,FALSE) -> Goodfellow | I108: =VLOOKUP(J108,'Names with Seat Code'!A:E,3,FALSE) -> Jack | J108: 95 | K108: =VLOOKUP(J108,'Names with Seat Code'!A:E,4,FALSE) | L108: =VLOOKUP(J108,'Names with Seat Code'!A:F,6,FALSE) -> 0
A109: LOWER | B109: E | C109: 107 | D109: RIGHT | E109: =E85+1 -> 5 | F109: 7 | G109: =VLOOKUP(J109,'Names with Seat Code'!A:I,9,FALSE) -> 0 | H109: =VLOOKUP(J109,'Names with Seat Code'!A:E,5,FALSE) -> Gorski | I109: =VLOOKUP(J109,'Names with Seat Code'!A:E,3,FALSE) -> Drew | J109: 96 | K109: =VLOOKUP(J109,'Names with Seat Code'!A:E,4,FALSE) | L109: =VLOOKUP(J109,'Names with Seat Code'!A:F,6,FALSE) -> Drew
A110: LOWER | B110: E | C110: 108 | D110: RIGHT | E110: =E86+1 -> 5 | F110: 8 | G110: =VLOOKUP(J110,'Names with Seat Code'!A:I,9,FALSE) -> 0 | H110: =VLOOKUP(J110,'Names with Seat Code'!A:E,5,FALSE) -> Gosdanian | I110: =VLOOKUP(J110,'Names with Seat Code'!A:E,3,FALSE) -> Lila | J110: 97 | K110: =VLOOKUP(J110,'Names with Seat Code'!A:E,4,FALSE) | L110: =VLOOKUP(J110,'Names with Seat Code'!A:F,6,FALSE) -> Lylah Gosdainian
A111: LOWER | B111: E | C111: 109 | D111: RIGHT | E111: =E87+1 -> 5 | F111: 9 | G111: =VLOOKUP(J111,'Names with Seat Code'!A:I,9,FALSE) -> 0 | H111: =VLOOKUP(J111,'Names with Seat Code'!A:E,5,FALSE) -> Grant | I111: =VLOOKUP(J111,'Names with Seat Code'!A:E,3,FALSE) -> Cole | J111: 98 | K111: =VLOOKUP(J111,'Names with Seat Code'!A:E,4,FALSE) -> Sebastian | L111: =VLOOKUP(J111,'Names with Seat Code'!A:F,6,FALSE) -> 0
A112: LOWER | B112: E | C112: 110 | D112: RIGHT | E112: =E88+1 -> 5 | F112: 10 | G112: =VLOOKUP(J112,'Names with Seat Code'!A:I,9,FALSE) -> 0 | H112: =VLOOKUP(J112,'Names with Seat Code'!A:E,5,FALSE) -> Graves | I112: =VLOOKUP(J112,'Names with Seat Code'!A:E,3,FALSE) -> Kendall | J112: 99 | K112: =VLOOKUP(J112,'Names with Seat Code'!A:E,4,FALSE) | L112: =VLOOKUP(J112,'Names with Seat Code'!A:F,6,FALSE) -> 0
A113: LOWER | B113: E | C113: 111 | D113: RIGHT | E113: =E89+1 -> 5 | F113: 11 | G113: =VLOOKUP(J113,'Names with Seat Code'!A:I,9,FALSE) -> 0 | H113: =VLOOKUP(J113,'Names with Seat Code'!A:E,5,FALSE) -> Haggerty | I113: =VLOOKUP(J113,'Names with Seat Code'!A:E,3,FALSE) -> Griffin | J113: 100 | K113: =VLOOKUP(J113,'Names with Seat Code'!A:E,4,FALSE) -> James | L113: =VLOOKUP(J113,'Names with Seat Code'!A:F,6,FALSE) -> 0
A114: LOWER | B114: E | C114: 112 | D114: RIGHT | E114: =E90+1 -> 5 | F114: 12 | G114: =VLOOKUP(J114,'Names with Seat Code'!A:I,9,FALSE) -> 0 | H114: =VLOOKUP(J114,'Names with Seat Code'!A:E,5,FALSE) -> Hall | I114: =VLOOKUP(J114,'Names with Seat Code'!A:E,3,FALSE) -> Andrea | J114: 101 | K114: =VLOOKUP(J114,'Names with Seat Code'!A:E,4,FALSE) | L114: =VLOOKUP(J114,'Names with Seat Code'!A:F,6,FALSE) -> Alpha, November, Delta, Romeo, Echo, alpha
... A259: UPPER | B259: T | C259: 126 | D259: LEFT | E259: =E235+1 -> 11 | F259: 1 | G259: =VLOOKUP(J259,'Names with Seat Code'!A:I,9,FALSE) -> 0 | H259: =VLOOKUP(J259,'Names with Seat Code'!A:E,5,FALSE) -> Williams | I259: =VLOOKUP(J259,'Names with Seat Code'!A:E,3,FALSE) -> Aidan | J259: 241 | K259: =VLOOKUP(J259,'Names with Seat Code'!A:E,4,FALSE) -> Auddie | L259: =VLOOKUP(J259,'Names with Seat Code'!A:F,6,FALSE) -> Auddie(Awd-ie)
A260: UPPER | B260: T | C260: 124 | D260: LEFT | E260: =E236+1 -> 11 | F260: 2 | G260: =VLOOKUP(J260,'Names with Seat Code'!A:I,9,FALSE) -> 0 | H260: =VLOOKUP(J260,'Names with Seat Code'!A:E,5,FALSE) -> Wright | I260: =VLOOKUP(J260,'Names with Seat Code'!A:E,3,FALSE) -> Jamari | J260: 242 | L260: =VLOOKUP(J260,'Names with Seat Code'!A:F,6,FALSE) -> 0
A261: UPPER | B261: T | C261: 122 | D261: LEFT | E261: =E237+1 -> 11 | F261: 3 | G261: =VLOOKUP(J261,'Names with Seat Code'!A:I,9,FALSE) -> 0 | H261: =VLOOKUP(J261,'Names with Seat Code'!A:E,5,FALSE) -> Wright | I261: =VLOOKUP(J261,'Names with Seat Code'!A:E,3,FALSE) -> Jared | J261: 243 | L261: =VLOOKUP(J261,'Names with Seat Code'!A:F,6,FALSE) -> 0
A262: UPPER | B262: T | C262: 120 | D262: LEFT | E262: =E238+1 -> 11 | F262: 4 | G262: =VLOOKUP(J262,'Names with Seat Code'!A:I,9,FALSE) -> 0 | H262: =VLOOKUP(J262,'Names with Seat Code'!A:E,5,FALSE) -> Yandle | I262: =VLOOKUP(J262,'Names with Seat Code'!A:E,3,FALSE) -> Quinn | J262: 244 | L262: =VLOOKUP(J262,'Names with Seat Code'!A:F,6,FALSE) -> 0
A263: UPPER | B263: T | C263: 118 | D263: LEFT | E263: =E239+1 -> 11 | F263: 5 | G263: =VLOOKUP(J263,'Names with Seat Code'!A:I,9,FALSE) -> 0 | H263: =VLOOKUP(J263,'Names with Seat Code'!A:E,5,FALSE) -> Zani | I263: =VLOOKUP(J263,'Names with Seat Code'!A:E,3,FALSE) -> John | J263: 245 | L263: =VLOOKUP(J263,'Names with Seat Code'!A:F,6,FALSE) -> John ZAH-nee
A264: UPPER | B264: T | C264: 116 | D264: LEFT | E264: =E240+1 -> 11 | F264: 6 | G264: =VLOOKUP(J264,'Names with Seat Code'!A:I,9,FALSE) -> 0 | H264: =VLOOKUP(J264,'Names with Seat Code'!A:E,5,FALSE) -> Zheng | I264: =VLOOKUP(J264,'Names with Seat Code'!A:E,3,FALSE) -> Jiayu | J264: 246 | L264: =VLOOKUP(J264,'Names with Seat Code'!A:F,6,FALSE) -> jah-yoo Jung
A265: UPPER | B265: T | C265: 118 | D265: LEFT | E265: =E241+1 -> 11 | F265: 7 | G265: =VLOOKUP(J265,'Names with Seat Code'!A:I,9,FALSE) -> #N/A | H265: =VLOOKUP(J265,'Names with Seat Code'!A:E,5,FALSE) -> #N/A | I265: =VLOOKUP(J265,'Names with Seat Code'!A:E,3,FALSE) -> #N/A | J265: 247
A266: UPPER | B266: T | C266: 116 | D266: LEFT | E266: =E242+1 -> 11 | F266: 8 | G266: =VLOOKUP(J266,'Names with Seat Code'!A:I,9,FALSE) -> #N/A | H266: =VLOOKUP(J266,'Names with Seat Code'!A:E,5,FALSE) -> #N/A | I266: =VLOOKUP(J266,'Names with Seat Code'!A:E,3,FALSE) -> #N/A | J266: 248
A267: UPPER | B267: T | C267: 114 | D267: LEFT | E267: =E243+1 -> 11 | F267: 9 | G267: =VLOOKUP(J267,'Names with Seat Code'!A:I,9,FALSE) -> #N/A | H267: =VLOOKUP(J267,'Names with Seat Code'!A:E,5,FALSE) -> #N/A | I267: =VLOOKUP(J267,'Names with Seat Code'!A:E,3,FALSE) -> #N/A | J267: 249
A268: UPPER | B268: T | C268: 112 | D268: LEFT | E268: =E244+1 -> 11 | F268: 10 | G268: =VLOOKUP(J268,'Names with Seat Code'!A:I,9,FALSE) -> #N/A | H268: =VLOOKUP(J268,'Names with Seat Code'!A:E,5,FALSE) -> #N/A | I268: =VLOOKUP(J268,'Names with Seat Code'!A:E,3,FALSE) -> #N/A | J268: 250
A269: UPPER | B269: T | C269: 110 | D269: LEFT | E269: =E245+1 -> 11 | F269: 11 | G269: =VLOOKUP(J269,'Names with Seat Code'!A:I,9,FALSE) -> #N/A | H269: =VLOOKUP(J269,'Names with Seat Code'!A:E,5,FALSE) -> #N/A | I269: =VLOOKUP(J269,'Names with Seat Code'!A:E,3,FALSE) -> #N/A | J269: 251
A270: UPPER | B270: T | C270: 108 | D270: LEFT | E270: =E246+1 -> 11 | F270: 12 | G270: =VLOOKUP(J270,'Names with Seat Code'!A:I,9,FALSE) -> #N/A | H270: =VLOOKUP(J270,'Names with Seat Code'!A:E,5,FALSE) -> #N/A | I270: =VLOOKUP(J270,'Names with Seat Code'!A:E,3,FALSE) -> #N/A | J270: 257
A271: UPPER | B271: T | C271: 106 | D271: LEFT | E271: =E247+1 -> 12 | G271: =VLOOKUP(J271,'Names with Seat Code'!A:I,9,FALSE) -> #N/A | H271: =VLOOKUP(J271,'Names with Seat Code'!A:E,5,FALSE) -> #N/A | I271: =VLOOKUP(J271,'Names with Seat Code'!A:E,3,FALSE) -> #N/A | J271: 258
A272: UPPER | B272: T | C272: 104 | D272: LEFT | E272: =E248+1 -> 12 | G272: =VLOOKUP(J272,'Names with Seat Code'!A:I,9,FALSE) -> #N/A | H272: =VLOOKUP(J272,'Names with Seat Code'!A:E,5,FALSE) -> #N/A | I272: =VLOOKUP(J272,'Names with Seat Code'!A:E,3,FALSE) -> #N/A | J272: 259
A273: LOWER | B273: M | C273: 101 | D273: RIGHT | E273: =E249+1 -> 12 | F273: 1 | G273: =VLOOKUP(J273,'Names with Seat Code'!A:I,9,FALSE) -> #N/A | H273: =VLOOKUP(J273,'Names with Seat Code'!A:E,5,FALSE) -> #N/A | I273: =VLOOKUP(J273,'Names with Seat Code'!A:E,3,FALSE) -> #N/A | J273: 260
A274: LOWER | B274: M | C274: 102 | D274: RIGHT | E274: =E250+1 -> 12 | F274: 2 | G274: =VLOOKUP(J274,'Names with Seat Code'!A:I,9,FALSE) -> #N/A | H274: =VLOOKUP(J274,'Names with Seat Code'!A:E,5,FALSE) -> #N/A | I274: =VLOOKUP(J274,'Names with Seat Code'!A:E,3,FALSE) -> #N/A | J274: 261
A275: LOWER | B275: M | C275: 103 | D275: RIGHT | E275: =E251+1 -> 12 | F275: 3 | G275: =VLOOKUP(J275,'Names with Seat Code'!A:I,9,FALSE) -> #N/A | H275: =VLOOKUP(J275,'Names with Seat Code'!A:E,5,FALSE) -> #N/A | I275: =VLOOKUP(J275,'Names with Seat Code'!A:E,3,FALSE) -> #N/A | J275: 262
A276: LOWER | B276: M | C276: 104 | D276: RIGHT | E276: =E252+1 -> 12 | F276: 4 | G276: =VLOOKUP(J276,'Names with Seat Code'!A:I,9,FALSE) -> #N/A | H276: =VLOOKUP(J276,'Names with Seat Code'!A:E,5,FALSE) -> #N/A | I276: =VLOOKUP(J276,'Names with Seat Code'!A:E,3,FALSE) -> #N/A | J276: 263
A277: LOWER | B277: M | C277: 105 | D277: RIGHT | E277: =E253+1 -> 12 | F277: 5 | G277: =VLOOKUP(J277,'Names with Seat Code'!A:I,9,FALSE) -> #N/A | H277: =VLOOKUP(J277,'Names with Seat Code'!A:E,5,FALSE) -> #N/A | I277: =VLOOKUP(J277,'Names with Seat Code'!A:E,3,FALSE) -> #N/A | J277: 264
A278: LOWER | B278: M | C278: 106 | D278: RIGHT | E278: =E254+1 -> 12 | F278: 6 | G278: =VLOOKUP(J278,'Names with Seat Code'!A:I,9,FALSE) -> #N/A | H278: =VLOOKUP(J278,'Names with Seat Code'!A:E,5,FALSE) -> #N/A | I278: =VLOOKUP(J278,'Names with Seat Code'!A:E,3,FALSE) -> #N/A | J278: 265
A279: LOWER | B279: M | C279: 107 | D279: RIGHT | E279: =E255+1 -> 12 | F279: 7 | G279: =VLOOKUP(J279,'Names with Seat Code'!A:I,9,FALSE) -> #N/A | H279: =VLOOKUP(J279,'Names with Seat Code'!A:E,5,FALSE) -> #N/A | I279: =VLOOKUP(J279,'Names with Seat Code'!A:E,3,FALSE) -> #N/A | J279: 266
A280: LOWER | B280: M | C280: 108 | D280: RIGHT | E280: =E256+1 -> 12 | F280: 8 | G280: =VLOOKUP(J280,'Names with Seat Code'!A:I,9,FALSE) -> #N/A | H280: =VLOOKUP(J280,'Names with Seat Code'!A:E,5,FALSE) -> #N/A | I280: =VLOOKUP(J280,'Names with Seat Code'!A:E,3,FALSE) -> #N/A | J280: 267
A281: LOWER | B281: M | C281: 109 | D281: RIGHT | E281: =E257+1 -> 12 | F281: 9 | G281: =VLOOKUP(J281,'Names with Seat Code'!A:I,9,FALSE) -> #N/A | H281: =VLOOKUP(J281,'Names with Seat Code'!A:E,5,FALSE) -> #N/A | I281: =VLOOKUP(J281,'Names with Seat Code'!A:E,3,FALSE) -> #N/A | J281: 268
A282: LOWER | B282: M | C282: 110 | D282: RIGHT | E282: =E258+1 -> 12 | F282: 10 | G282: =VLOOKUP(J282,'Names with Seat Code'!A:I,9,FALSE) -> #N/A | H282: =VLOOKUP(J282,'Names with Seat Code'!A:E,5,FALSE) -> #N/A | I282: =VLOOKUP(J282,'Names with Seat Code'!A:E,3,FALSE) -> #N/A | J282: 269
A283: LOWER | B283: M | C283: 111 | D283: RIGHT | E283: =E259+1 -> 12 | F283: 11 | G283: =VLOOKUP(J283,'Names with Seat Code'!A:I,9,FALSE) -> #N/A | H283: =VLOOKUP(J283,'Names with Seat Code'!A:E,5,FALSE) -> #N/A | I283: =VLOOKUP(J283,'Names with Seat Code'!A:E,3,FALSE) -> #N/A | J283: 270
A284: LOWER | B284: M | C284: 112 | D284: RIGHT | E284: =E260+1 -> 12 | F284: 12 | G284: =VLOOKUP(J284,'Names with Seat Code'!A:I,9,FALSE) -> #N/A | H284: =VLOOKUP(J284,'Names with Seat Code'!A:E,5,FALSE) -> #N/A | I284: =VLOOKUP(J284,'Names with Seat Code'!A:E,3,FALSE) -> #N/A | J284: 271
... A290: UPPER | B290: T | C290: 111 | D290: LEFT | E290: =E266+1 -> 12 | F290: 6 | G290: =VLOOKUP(J290,'Names with Seat Code'!A:I,9,FALSE) -> #N/A | H290: =VLOOKUP(J290,'Names with Seat Code'!A:E,5,FALSE) -> #N/A | I290: =VLOOKUP(J290,'Names with Seat Code'!A:E,3,FALSE) -> #N/A | J290: 276

Sheet Grad Breaks for Print
A1: SECTION | B1: ROW | C1: SEAT NUMBER | D1: LINE NUMBER | E1: SIDE | F1: ROW | G1: SEAT NUMBER | H1: First Name | I1: Last Name
A2: STAGE | C2: 1a | D2: Leader | E2: STAGE | G2: 1a | H2: ='Grad Raw Data'!I2 -> Amelia | I2: ='Grad Raw Data'!H2 -> Borawski | J2: ='Grad Raw Data'!G2 -> 0
A3: STAGE | C3: 1b | D3: Leader | E3: STAGE | G3: 1b | H3: ='Grad Raw Data'!I3 -> - | I3: ='Grad Raw Data'!H3 -> - | J3: ='Grad Raw Data'!G3 -> 0
A4: STAGE | C4: 2 | D4: Leader | E4: STAGE | G4: 2 | H4: ='Grad Raw Data'!H4 -> Boyko | I4: ='Grad Raw Data'!I4 -> Indigo | J4: ='Grad Raw Data'!G4 -> 0
A5: STAGE | C5: 3 | D5: Leader | E5: STAGE | G5: 3 | H5: ='Grad Raw Data'!I5 -> Jason | I5: ='Grad Raw Data'!I5 -> Jason | J5: ='Grad Raw Data'!G5 -> 0
A6: STAGE | C6: 4 | D6: Leader | E6: STAGE | G6: 4 | H6: ='Grad Raw Data'!I6 -> Jessica | I6: ='Grad Raw Data'!H6 -> Wong
A7: LOWER | B7: A | C7: 101 | D7: =(F7-1)*12+G7 -> 1 | E7: RIGHT | F7: 1 | G7: 1 | H7: ='Grad Raw Data'!I7 -> Clara | I7: ='Grad Raw Data'!H7 -> Healy | J7: ='Grad Raw Data'!G7 -> 0
A8: LOWER | B8: A | C8: 102 | D8: =(F8-1)*12+G8 -> 2 | E8: RIGHT | F8: 1 | G8: 2 | H8: ='Grad Raw Data'!I8 -> Samuel | I8: ='Grad Raw Data'!H8 -> Hillery | J8: ='Grad Raw Data'!G8 -> 0
A9: LOWER | B9: A | C9: 103 | D9: =(F9-1)*12+G9 -> 3 | E9: RIGHT | F9: 1 | G9: 3 | H9: ='Grad Raw Data'!I9 -> Piper | I9: ='Grad Raw Data'!H9 -> Martin | J9: ='Grad Raw Data'!G9 -> 0
A10: LOWER | B10: A | C10: 104 | D10: =(F10-1)*12+G10 -> 4 | E10: RIGHT | F10: 1 | G10: 4 | H10: ='Grad Raw Data'!I10 -> Aidan | I10: ='Grad Raw Data'!H10 -> Mullin | J10: ='Grad Raw Data'!G10 -> 0
A11: LOWER | B11: A | C11: 105 | D11: =(F11-1)*12+G11 -> 5 | E11: RIGHT | F11: 1 | G11: 5 | H11: ='Grad Raw Data'!I11 -> Emma | I11: ='Grad Raw Data'!H11 -> Nelson | J11: ='Grad Raw Data'!G11 -> 0
A12: LOWER | B12: A | C12: 106 | D12: =(F12-1)*12+G12 -> 6 | E12: RIGHT | F12: 1 | G12: 6 | H12: ='Grad Raw Data'!I12 -> Thomas | I12: ='Grad Raw Data'!H12 -> Stathoulopoulos | J12: ='Grad Raw Data'!G12 -> 0
A13: LOWER | B13: A | C13: 107 | D13: =(F13-1)*12+G13 -> 7 | E13: RIGHT | F13: 1 | G13: 7 | H13: ='Grad Raw Data'!I13 -> Cara | I13: ='Grad Raw Data'!H13 -> Vitarisi | J13: ='Grad Raw Data'!G13 -> 0
A14: LOWER | B14: A | C14: 108 | D14: =(F14-1)*12+G14 -> 8 | E14: RIGHT | F14: 1 | G14: 8 | H14: ='Grad Raw Data'!I14 -> Jillian | I14: ='Grad Raw Data'!H14 -> Abate | J14: ='Grad Raw Data'!G14 -> 0
A15: LOWER | B15: A | C15: 109 | D15: =(F15-1)*12+G15 -> 9 | E15: RIGHT | F15: 1 | G15: 9 | H15: ='Grad Raw Data'!I15 -> Logan | I15: ='Grad Raw Data'!H15 -> Abrams | J15: ='Grad Raw Data'!G15 -> 0
A16: LOWER | B16: A | C16: 110 | D16: =(F16-1)*12+G16 -> 10 | E16: RIGHT | F16: 1 | G16: 10 | H16: ='Grad Raw Data'!I16 -> Raniya | I16: ='Grad Raw Data'!H16 -> Abubakar | J16: ='Grad Raw Data'!G16 -> 0
A17: LOWER | B17: A | C17: 111 | D17: =(F17-1)*12+G17 -> 11 | E17: RIGHT | F17: 1 | G17: 11 | H17: ='Grad Raw Data'!I17 -> Luis | I17: ='Grad Raw Data'!H17 -> Aburto Campos | J17: ='Grad Raw Data'!G17 -> 0
A18: LOWER | B18: A | C18: 112 | D18: =(F18-1)*12+G18 -> 12 | E18: RIGHT | F18: 1 | G18: 12 | H18: ='Grad Raw Data'!I18 -> Devyn | I18: ='Grad Raw Data'!H18 -> Ahlert | J18: ='Grad Raw Data'!G18 -> 0
... A102: UPPER | B102: P | C102: 3 | D102: =(F102-1)*12+G102 -> 48 | E102: LEFT | F102: 4 | G102: 12 | H102: ='Grad Raw Data'!I102 -> Brendan | I102: ='Grad Raw Data'!H102 -> Gauvin | J102: ='Grad Raw Data'!G102 -> 0
A103: LOWER | B103: E | C103: 101 | D103: =(F103-1)*12+G103 -> 49 | E103: RIGHT | F103: =F79+1 -> 5 | G103: 1 | H103: ='Grad Raw Data'!I103 -> Bereket | I103: ='Grad Raw Data'!H103 -> Gebeyaw | J103: ='Grad Raw Data'!G103 -> 0
A104: LOWER | B104: E | C104: 102 | D104: =(F104-1)*12+G104 -> 50 | E104: RIGHT | F104: =F80+1 -> 5 | G104: 2 | H104: ='Grad Raw Data'!I104 -> Alix | I104: ='Grad Raw Data'!H104 -> Gellot | J104: ='Grad Raw Data'!G104 -> 0
A105: LOWER | B105: E | C105: 103 | D105: =(F105-1)*12+G105 -> 51 | E105: RIGHT | F105: =F81+1 -> 5 | G105: 3 | H105: ='Grad Raw Data'!I105 -> Cameron | I105: ='Grad Raw Data'!H105 -> Gigler | J105: ='Grad Raw Data'!G105 -> 0
A106: LOWER | B106: E | C106: 104 | D106: =(F106-1)*12+G106 -> 52 | E106: RIGHT | F106: =F82+1 -> 5 | G106: 4 | H106: ='Grad Raw Data'!I106 -> Alex | I106: ='Grad Raw Data'!H106 -> Gisetto | J106: ='Grad Raw Data'!G106 -> 0
A107: LOWER | B107: E | C107: 105 | D107: =(F107-1)*12+G107 -> 53 | E107: RIGHT | F107: =F83+1 -> 5 | G107: 5 | H107: ='Grad Raw Data'!I107 -> Benjamin | I107: ='Grad Raw Data'!H107 -> Goldlust | J107: ='Grad Raw Data'!G107 -> 0
A108: LOWER | B108: E | C108: 106 | D108: =(F108-1)*12+G108 -> 54 | E108: RIGHT | F108: =F84+1 -> 5 | G108: 6 | H108: ='Grad Raw Data'!I108 -> Jack | I108: ='Grad Raw Data'!H108 -> Goodfellow | J108: ='Grad Raw Data'!G108 -> 0
A109: LOWER | B109: E | C109: 107 | D109: =(F109-1)*12+G109 -> 55 | E109: RIGHT | F109: =F85+1 -> 5 | G109: 7 | H109: ='Grad Raw Data'!I109 -> Drew | I109: ='Grad Raw Data'!H109 -> Gorski | J109: ='Grad Raw Data'!G109 -> 0
A110: LOWER | B110: E | C110: 108 | D110: =(F110-1)*12+G110 -> 56 | E110: RIGHT | F110: =F86+1 -> 5 | G110: 8 | H110: ='Grad Raw Data'!I110 -> Lila | I110: ='Grad Raw Data'!H110 -> Gosdanian | J110: ='Grad Raw Data'!G110 -> 0
A111: LOWER | B111: E | C111: 109 | D111: =(F111-1)*12+G111 -> 57 | E111: RIGHT | F111: =F87+1 -> 5 | G111: 9 | H111: ='Grad Raw Data'!I111 -> Cole | I111: ='Grad Raw Data'!H111 -> Grant | J111: ='Grad Raw Data'!G111 -> 0
A112: LOWER | B112: E | C112: 110 | D112: =(F112-1)*12+G112 -> 58 | E112: RIGHT | F112: =F88+1 -> 5 | G112: 10 | H112: ='Grad Raw Data'!I112 -> Kendall | I112: ='Grad Raw Data'!H112 -> Graves | J112: ='Grad Raw Data'!G112 -> 0
A113: LOWER | B113: E | C113: 111 | D113: =(F113-1)*12+G113 -> 59 | E113: RIGHT | F113: =F89+1 -> 5 | G113: 11 | H113: ='Grad Raw Data'!I113 -> Griffin | I113: ='Grad Raw Data'!H113 -> Haggerty | J113: ='Grad Raw Data'!G113 -> 0
A114: LOWER | B114: E | C114: 112 | D114: =(F114-1)*12+G114 -> 60 | E114: RIGHT | F114: =F90+1 -> 5 | G114: 12 | H114: ='Grad Raw Data'!I114 -> Andrea | I114: ='Grad Raw Data'!H114 -> Hall | J114: ='Grad Raw Data'!G114 -> 0
... A258: LOWER | B258: L | C258: 112 | D258: =(F258-1)*12+G258 -> 132 | E258: RIGHT | F258: =F234+1 -> 11 | G258: 12 | H258: ='Grad Raw Data'!I258 -> #N/A | I258: ='Grad Raw Data'!H258 -> #N/A | J258: ='Grad Raw Data'!G258 -> #N/A
A259: UPPER | B259: T | C259: 126 | D259: 121 | E259: LEFT | F259: 11 | G259: 1 | H259: ='Grad Raw Data'!I259 -> Aidan | I259: ='Grad Raw Data'!H259 -> Williams | J259: ='Grad Raw Data'!G259 -> 0
A260: UPPER | B260: T | C260: 124 | D260: 122 | E260: LEFT | F260: 11 | G260: 2 | H260: ='Grad Raw Data'!I260 -> Jamari | I260: ='Grad Raw Data'!H260 -> Wright | J260: ='Grad Raw Data'!G260 -> 0
A261: UPPER | B261: T | C261: 122 | D261: 123 | E261: LEFT | F261: 11 | G261: 3 | H261: ='Grad Raw Data'!I261 -> Jared | I261: ='Grad Raw Data'!H261 -> Wright | J261: ='Grad Raw Data'!G261 -> 0
A262: UPPER | B262: T | C262: 120 | D262: 124 | E262: LEFT | F262: 11 | G262: 4 | H262: ='Grad Raw Data'!I262 -> Quinn | I262: ='Grad Raw Data'!H262 -> Yandle | J262: ='Grad Raw Data'!G262 -> 0
A263: UPPER | B263: T | C263: 118 | D263: 125 | E263: LEFT | F263: 11 | G263: 5 | H263: ='Grad Raw Data'!I263 -> John | I263: ='Grad Raw Data'!H263 -> Zani | J263: ='Grad Raw Data'!G263 -> 0
A264: UPPER | B264: T | C264: 116 | D264: 126 | E264: LEFT | F264: 11 | G264: 6 | H264: ='Grad Raw Data'!I264 -> Jiayu | I264: ='Grad Raw Data'!H264 -> Zheng | J264: ='Grad Raw Data'!G264 -> 0
A265: UPPER | B265: T | C265: 114 | D265: 127 | E265: LEFT | F265: 11 | G265: 7 | H265: ='Grad Raw Data'!I265 -> #N/A | I265: ='Grad Raw Data'!H265 -> #N/A | J265: ='Grad Raw Data'!G265 -> #N/A
A266: UPPER | B266: T | C266: 112 | D266: 128 | E266: LEFT | F266: 11 | G266: 8 | H266: ='Grad Raw Data'!I266 -> #N/A | I266: ='Grad Raw Data'!H266 -> #N/A | J266: ='Grad Raw Data'!G266 -> #N/A
A267: UPPER | B267: T | C267: 110 | D267: 129 | E267: LEFT | F267: 11 | G267: 9 | H267: ='Grad Raw Data'!I267 -> #N/A | I267: ='Grad Raw Data'!H267 -> #N/A | J267: ='Grad Raw Data'!G267 -> #N/A
A268: UPPER | B268: T | C268: 108 | D268: 130 | E268: LEFT | F268: 11 | G268: 10 | H268: ='Grad Raw Data'!I268 -> #N/A | I268: ='Grad Raw Data'!H268 -> #N/A | J268: ='Grad Raw Data'!G268 -> #N/A
A269: UPPER | B269: T | C269: 106 | D269: 131 | E269: LEFT | F269: 11 | G269: 11
A270: UPPER | B270: T | C270: 104 | D270: 132 | E270: LEFT | F270: 11 | G270: 12

Sheet Grad Pages for Podium with pron
A1: First | B1: Middle | C1: Last | D1: Side | E1: Row
A2: ='Grad Raw Data'!I2 -> Amelia | B2: ='Grad Raw Data'!K2 -> Jane | C2: ='Grad Raw Data'!H2 -> Borawski | D2: ='Grad Raw Data'!D2 -> STAGE | E2: ='Grad Raw Data'!E2 -> STAGE | G2: 2 | H2: =IF(MOD((G2+2)/1,2)=0,(G2/2+1),"") -> 2
G3: 3 | H3: =IF(MOD((G3+2)/1,2)=0,(G3/2+1),"")
A4: ='Grad Raw Data'!I3 -> - | B4: ='Grad Raw Data'!K4 | C4: ='Grad Raw Data'!H3 -> - | D4: ='Grad Raw Data'!D4 -> STAGE | E4: ='Grad Raw Data'!E4 -> STAGE | G4: 4 | H4: =IF(MOD((G4+2)/1,2)=0,(G4/2+1),"") -> 3
G5: 5 | H5: =IF(MOD((G5+2)/1,2)=0,(G5/2+1),"")
A6: ='Grad Raw Data'!I4 -> Indigo | B6: ='Grad Raw Data'!K4 | C6: ='Grad Raw Data'!H4 -> Boyko | D6: ='Grad Raw Data'!D4 -> STAGE | E6: ='Grad Raw Data'!E4 -> STAGE | G6: 6 | H6: =IF(MOD((G6+2)/1,2)=0,(G6/2+1),"") -> 4
G7: 7 | H7: =IF(MOD((G7+2)/1,2)=0,(G7/2+1),"")
A8: ='Grad Raw Data'!I5 -> Jason | B8: ='Grad Raw Data'!K5 | C8: ='Grad Raw Data'!H5 -> Walsh | D8: ='Grad Raw Data'!D5 -> STAGE | E8: ='Grad Raw Data'!E5 -> STAGE | G8: 8 | H8: =IF(MOD((G8+2)/1,2)=0,(G8/2+1),"") -> 5
G9: 9 | H9: =IF(MOD((G9+2)/1,2)=0,(G9/2+1),"")
A10: ='Grad Raw Data'!I6 -> Jessica | B10: ='Grad Raw Data'!K6 | C10: ='Grad Raw Data'!H6 -> Wong | D10: ='Grad Raw Data'!D6 -> STAGE | E10: ='Grad Raw Data'!E6 -> STAGE | G10: 10 | H10: =IF(MOD((G10+2)/1,2)=0,(G10/2+1),"") -> 6
A11: ='Grad Raw Data'!L6 -> 0 | G11: 11 | H11: =IF(MOD((G11+2)/1,2)=0,(G11/2+1),"")
A12: ='Grad Raw Data'!I7 -> Clara | B12: ='Grad Raw Data'!K7 | C12: ='Grad Raw Data'!H7 -> Healy | D12: ='Grad Raw Data'!D7 -> RIGHT | E12: ='Grad Raw Data'!E7 -> 1 | G12: 12 | H12: =IF(MOD((G12+2)/1,2)=0,(G12/2+1),"") -> 7
A13: {=IF(H12="","",INDIRECT("'Grad Raw Data'!L"&H12))} -> 0 | G13: 13 | H13: =IF(MOD((G13+2)/1,2)=0,(G13/2+1),"")
A14: ='Grad Raw Data'!I8 -> Samuel | B14: ='Grad Raw Data'!K8 | C14: ='Grad Raw Data'!H8 -> Hillery | D14: ='Grad Raw Data'!D8 -> RIGHT | E14: ='Grad Raw Data'!E8 -> 1 | G14: 14 | H14: =IF(MOD((G14+2)/1,2)=0,(G14/2+1),"") -> 8
A15: {=IF(H12="","",INDIRECT("'Grad Raw Data'!L"&H14))} -> 0 | G15: 15 | H15: =IF(MOD((G15+2)/1,2)=0,(G15/2+1),"")
A16: ='Grad Raw Data'!I9 -> Piper | B16: ='Grad Raw Data'!K9 | C16: ='Grad Raw Data'!H9 -> Martin | D16: ='Grad Raw Data'!D9 -> RIGHT | E16: ='Grad Raw Data'!E9 -> 1 | G16: 16 | H16: =IF(MOD((G16+2)/1,2)=0,(G16/2+1),"") -> 9
A17: ='Grad Raw Data'!L9 -> 0 | G17: 17 | H17: =IF(MOD((G17+2)/1,2)=0,(G17/2+1),"")
A18: ='Grad Raw Data'!I10 -> Aidan | B18: ='Grad Raw Data'!K10 | C18: ='Grad Raw Data'!H10 -> Mullin | D18: ='Grad Raw Data'!D10 -> RIGHT | E18: ='Grad Raw Data'!E10 -> 1 | G18: 18 | H18: =IF(MOD((G18+2)/1,2)=0,(G18/2+1),"") -> 10
G19: 19 | H19: =IF(MOD((G19+2)/1,2)=0,(G19/2+1),"")
A20: ='Grad Raw Data'!I11 -> Emma | B20: ='Grad Raw Data'!K11 -> Elizabeth | C20: ='Grad Raw Data'!H11 -> Nelson | D20: ='Grad Raw Data'!D11 -> RIGHT | E20: ='Grad Raw Data'!E11 -> 1 | G20: 20 | H20: =IF(MOD((G20+2)/1,2)=0,(G20/2+1),"") -> 11
A21: ='Grad Raw Data'!L11 -> 0 | G21: 21 | H21: =IF(MOD((G21+2)/1,2)=0,(G21/2+1),"")
A22: ='Grad Raw Data'!I12 -> Thomas | B22: ='Grad Raw Data'!K12 | C22: ='Grad Raw Data'!H12 -> Stathoulopoulos | D22: ='Grad Raw Data'!D12 -> RIGHT | E22: ='Grad Raw Data'!E12 -> 1 | G22: 22 | H22: =IF(MOD((G22+2)/1,2)=0,(G22/2+1),"") -> 12
A23: ='Grad Raw Data'!L11 -> 0 | G23: 23 | H23: =IF(MOD((G23+2)/1,2)=0,(G23/2+1),"")
A24: ='Grad Raw Data'!I13 -> Cara | B24: ='Grad Raw Data'!K13 | C24: ='Grad Raw Data'!H13 -> Vitarisi | D24: ='Grad Raw Data'!D13 -> RIGHT | E24: ='Grad Raw Data'!E13 -> 1 | G24: 24 | H24: =IF(MOD((G24+2)/1,2)=0,(G24/2+1),"") -> 13
A25: ='Grad Raw Data'!L13 -> 0 | G25: 25 | H25: =IF(MOD((G25+2)/1,2)=0,(G25/2+1),"")
A26: ='Grad Raw Data'!I14 -> Jillian | B26: ='Grad Raw Data'!K14 -> Kate | C26: ='Grad Raw Data'!H14 -> Abate | D26: ='Grad Raw Data'!D14 -> RIGHT | E26: ='Grad Raw Data'!E14 -> 1 | G26: 26 | H26: =IF(MOD((G26+2)/1,2)=0,(G26/2+1),"") -> 14
A27: ='Grad Raw Data'!L14 -> a-bod-ee | G27: 27 | H27: =IF(MOD((G27+2)/1,2)=0,(G27/2+1),"")
A28: ='Grad Raw Data'!I15 -> Logan | B28: ='Grad Raw Data'!K15 -> Ford | C28: ='Grad Raw Data'!H15 -> Abrams | D28: ='Grad Raw Data'!D15 -> RIGHT | E28: ='Grad Raw Data'!E15 -> 1 | G28: 28 | H28: =IF(MOD((G28+2)/1,2)=0,(G28/2+1),"") -> 15
A29: ='Grad Raw Data'!L15 -> 0 | G29: 29 | H29: =IF(MOD((G29+2)/1,2)=0,(G29/2+1),"")
A30: ='Grad Raw Data'!I16 -> Raniya | B30: ='Grad Raw Data'!K16 | C30: ='Grad Raw Data'!H16 -> Abubakar | D30: ='Grad Raw Data'!D16 -> RIGHT | E30: ='Grad Raw Data'!E16 -> 1 | G30: 30 | H30: =IF(MOD((G30+2)/1,2)=0,(G30/2+1),"") -> 16
A31: ='Grad Raw Data'!L16 -> 0 | G31: 31 | H31: =IF(MOD((G31+2)/1,2)=0,(G31/2+1),"")
A32: ='Grad Raw Data'!I17 -> Luis | B32: ='Grad Raw Data'!K17 | C32: ='Grad Raw Data'!H17 -> Aburto Campos | D32: ='Grad Raw Data'!D17 -> RIGHT | E32: ='Grad Raw Data'!E17 -> 1 | G32: 32 | H32: =IF(MOD((G32+2)/1,2)=0,(G32/2+1),"") -> 17
A33: ='Grad Raw Data'!L17 -> 0 | G33: 33 | H33: =IF(MOD((G33+2)/1,2)=0,(G33/2+1),"")
A34: ='Grad Raw Data'!I18 -> Devyn | B34: ='Grad Raw Data'!K19 | C34: ='Grad Raw Data'!H18 -> Ahlert | D34: ='Grad Raw Data'!D18 -> RIGHT | E34: ='Grad Raw Data'!E18 -> 1 | G34: 34 | H34: =IF(MOD((G34+2)/1,2)=0,(G34/2+1),"") -> 18
G35: 35 | H35: =IF(MOD((G35+2)/1,2)=0,(G35/2+1),"")
A36: ='Grad Raw Data'!I19 -> Alexander | B36: ='Grad Raw Data'!#REF! -> #REF! | C36: ='Grad Raw Data'!H19 -> Aiello | D36: ='Grad Raw Data'!D19 -> LEFT | E36: ='Grad Raw Data'!E19 -> 1 | G36: 36 | H36: =IF(MOD((G36+2)/1,2)=0,(G36/2+1),"") -> 19
A37: ='Grad Raw Data'!L19 -> Aiello (I-L-O) | G37: 37 | H37: =IF(MOD((G37+2)/1,2)=0,(G37/2+1),"")
A38: ='Grad Raw Data'!I20 -> Reese | B38: ='Grad Raw Data'!K20 | C38: ='Grad Raw Data'!H20 -> Allen | D38: ='Grad Raw Data'!D20 -> LEFT | E38: ='Grad Raw Data'!E20 -> 1 | G38: 38 | H38: =IF(MOD((G38+2)/1,2)=0,(G38/2+1),"") -> 20
A39: ='Grad Raw Data'!L20 -> Reese Allen | G39: 39 | H39: =IF(MOD((G39+2)/1,2)=0,(G39/2+1),"")
A40: ='Grad Raw Data'!I21 -> Fabricio | B40: ='Grad Raw Data'!K21 | C40: ='Grad Raw Data'!H21 -> Amado | D40: ='Grad Raw Data'!D21 -> LEFT | E40: ='Grad Raw Data'!E21 -> 1 | G40: 40 | H40: =IF(MOD((G40+2)/1,2)=0,(G40/2+1),"") -> 21
A41: ='Grad Raw Data'!L21 -> Fah-bree-cee-oh Ah-mod-oh | G41: 41 | H41: =IF(MOD((G41+2)/1,2)=0,(G41/2+1),"")
A42: ='Grad Raw Data'!I22 -> Joseph | B42: ='Grad Raw Data'!K22 | C42: ='Grad Raw Data'!H22 -> Amirault | D42: ='Grad Raw Data'!D22 -> LEFT | E42: ='Grad Raw Data'!E22 -> 1 | G42: 42 | H42: =IF(MOD((G42+2)/1,2)=0,(G42/2+1),"") -> 22
A43: ='Grad Raw Data'!L22 -> 0 | G43: 43 | H43: =IF(MOD((G43+2)/1,2)=0,(G43/2+1),"")
A44: ='Grad Raw Data'!I23 -> Brady | B44: ='Grad Raw Data'!K23 | C44: ='Grad Raw Data'!H23 -> Anderson | D44: ='Grad Raw Data'!D23 -> LEFT | E44: ='Grad Raw Data'!E23 -> 1 | G44: 44 | H44: =IF(MOD((G44+2)/1,2)=0,(G44/2+1),"") -> 23
A45: ='Grad Raw Data'!L23 -> 0 | G45: 45 | H45: =IF(MOD((G45+2)/1,2)=0,(G45/2+1),"")
A46: ='Grad Raw Data'!I24 -> Barrington | B46: ='Grad Raw Data'!K24 | C46: ='Grad Raw Data'!H24 -> Anderson | D46: ='Grad Raw Data'!D24 -> LEFT | E46: ='Grad Raw Data'!E24 -> 1 | G46: 46 | H46: =IF(MOD((G46+2)/1,2)=0,(G46/2+1),"") -> 24
A47: ='Grad Raw Data'!L24 -> 0 | G47: 47 | H47: =IF(MOD((G47+2)/1,2)=0,(G47/2+1),"")
A48: ='Grad Raw Data'!I25 -> Isabella | B48: ='Grad Raw Data'!K25 | C48: ='Grad Raw Data'!H25 -> Aquino | D48: ='Grad Raw Data'!D25 -> LEFT | E48: ='Grad Raw Data'!E25 -> 1 | G48: 48 | H48: =IF(MOD((G48+2)/1,2)=0,(G48/2+1),"") -> 25
A49: ='Grad Raw Data'!L25 -> Isabell-uh Ah-kee-no | G49: 49 | H49: =IF(MOD((G49+2)/1,2)=0,(G49/2+1),"")
A50: ='Grad Raw Data'!I26 -> Lucas | B50: ='Grad Raw Data'!K26 | C50: ='Grad Raw Data'!H26 -> Aquino | D50: ='Grad Raw Data'!D26 -> LEFT | E50: ='Grad Raw Data'!E26 -> 1 | G50: 50 | H50: =IF(MOD((G50+2)/1,2)=0,(G50/2+1),"") -> 26
A51: ='Grad Raw Data'!L26 -> 0 | G51: 51 | H51: =IF(MOD((G51+2)/1,2)=0,(G51/2+1),"")
A52: ='Grad Raw Data'!I27 -> Tiago | B52: ='Grad Raw Data'!K27 | C52: ='Grad Raw Data'!H27 -> Araujo | D52: ='Grad Raw Data'!D27 -> LEFT | E52: ='Grad Raw Data'!E27 -> 1 | G52: 52 | H52: =IF(MOD((G52+2)/1,2)=0,(G52/2+1),"") -> 27
A53: ='Grad Raw Data'!L27 -> TEE-ah-go AH-ra-joe | G53: 53 | H53: =IF(MOD((G53+2)/1,2)=0,(G53/2+1),"")
A54: ='Grad Raw Data'!I28 -> Chloe | B54: ='Grad Raw Data'!K28 | C54: ='Grad Raw Data'!H28 -> Aretusi | D54: ='Grad Raw Data'!D28 -> LEFT | E54: ='Grad Raw Data'!E28 -> 1 | G54: 54 | H54: =IF(MOD((G54+2)/1,2)=0,(G54/2+1),"") -> 28
A55: ='Grad Raw Data'!L28 -> ah-reh-toozy | G55: 55 | H55: =IF(MOD((G55+2)/1,2)=0,(G55/2+1),"")
A56: ='Grad Raw Data'!I29 -> Evan | B56: ='Grad Raw Data'!K29 | C56: ='Grad Raw Data'!H29 -> Audley | D56: ='Grad Raw Data'!D29 -> LEFT | E56: ='Grad Raw Data'!E29 -> 1 | G56: 56 | H56: =IF(MOD((G56+2)/1,2)=0,(G56/2+1),"") -> 29
A57: ='Grad Raw Data'!L29 -> 0 | G57: 57 | H57: =IF(MOD((G57+2)/1,2)=0,(G57/2+1),"")
A58: ='Grad Raw Data'!I30 -> Natalie | B58: ='Grad Raw Data'!K30 | C58: ='Grad Raw Data'!H30 -> Austin | D58: ='Grad Raw Data'!D30 -> LEFT | E58: ='Grad Raw Data'!E30 -> 1 | G58: 58 | H58: =IF(MOD((G58+2)/1,2)=0,(G58/2+1),"") -> 30
A59: ='Grad Raw Data'!L30 -> 0 | G59: 59 | H59: =IF(MOD((G59+2)/1,2)=0,(G59/2+1),"")
A60: ='Grad Raw Data'!I31 -> Vivian | B60: ='Grad Raw Data'!K31 | C60: ='Grad Raw Data'!H31 -> Balas | D60: ='Grad Raw Data'!D31 -> RIGHT | E60: ='Grad Raw Data'!E31 -> 2 | G60: 60 | H60: =IF(MOD((G60+2)/1,2)=0,(G60/2+1),"") -> 31
A61: ='Grad Raw Data'!L31 -> 0 | G61: 61 | H61: =IF(MOD((G61+2)/1,2)=0,(G61/2+1),"")
A62: ='Grad Raw Data'!I32 -> Kaua | B62: ='Grad Raw Data'!K32 | C62: ='Grad Raw Data'!H32 -> Batista | D62: ='Grad Raw Data'!D32 -> RIGHT | E62: ='Grad Raw Data'!E32 -> 2 | G62: 62 | H62: =IF(MOD((G62+2)/1,2)=0,(G62/2+1),"") -> 32
A63: ='Grad Raw Data'!L32 -> Quan | G63: 63 | H63: =IF(MOD((G63+2)/1,2)=0,(G63/2+1),"")
A64: ='Grad Raw Data'!I33 -> Carson | B64: ='Grad Raw Data'!K33 | C64: ='Grad Raw Data'!H33 -> Beaulieu | D64: ='Grad Raw Data'!D33 -> RIGHT | E64: ='Grad Raw Data'!E33 -> 2 | G64: 64 | H64: =IF(MOD((G64+2)/1,2)=0,(G64/2+1),"") -> 33
A65: ='Grad Raw Data'!L33 -> Bowl-ee-oh | G65: 65 | H65: =IF(MOD((G65+2)/1,2)=0,(G65/2+1),"")
A66: ='Grad Raw Data'!I34 -> Jahnai | B66: ='Grad Raw Data'!K34 | C66: ='Grad Raw Data'!H34 -> Belfon | D66: ='Grad Raw Data'!D34 -> RIGHT | E66: ='Grad Raw Data'!E34 -> 2 | G66: 66 | H66: =IF(MOD((G66+2)/1,2)=0,(G66/2+1),"") -> 34
A67: ='Grad Raw Data'!L34 -> Jah-nye | G67: 67 | H67: =IF(MOD((G67+2)/1,2)=0,(G67/2+1),"")
A68: ='Grad Raw Data'!I35 -> Amelia | B68: ='Grad Raw Data'!K35 | C68: ='Grad Raw Data'!H35 -> Benedict | D68: ='Grad Raw Data'!D35 -> RIGHT | E68: ='Grad Raw Data'!E35 -> 2 | G68: 68 | H68: =IF(MOD((G68+2)/1,2)=0,(G68/2+1),"") -> 35
A69: ='Grad Raw Data'!L35 -> 0 | G69: 69 | H69: =IF(MOD((G69+2)/1,2)=0,(G69/2+1),"")
A70: ='Grad Raw Data'!I36 -> Jamison | B70: ='Grad Raw Data'!K36 | C70: ='Grad Raw Data'!H36 -> Bentley | D70: ='Grad Raw Data'!D36 -> RIGHT | E70: ='Grad Raw Data'!E36 -> 2 | G70: 70 | H70: =IF(MOD((G70+2)/1,2)=0,(G70/2+1),"") -> 36
A71: ='Grad Raw Data'!L36 -> 0 | G71: 71 | H71: =IF(MOD((G71+2)/1,2)=0,(G71/2+1),"")
A72: ='Grad Raw Data'!I37 -> Dhanya | B72: ='Grad Raw Data'!K37 | C72: ='Grad Raw Data'!H37 -> Bhola | D72: ='Grad Raw Data'!D37 -> RIGHT | E72: ='Grad Raw Data'!E37 -> 2 | G72: 72 | H72: =IF(MOD((G72+2)/1,2)=0,(G72/2+1),"") -> 37
A73: ='Grad Raw Data'!L37 -> D- anya | G73: 73 | H73: =IF(MOD((G73+2)/1,2)=0,(G73/2+1),"")
A74: ='Grad Raw Data'!I38 -> Elizabeth | B74: ='Grad Raw Data'!K38 | C74: ='Grad Raw Data'!H38 -> Boucher | D74: ='Grad Raw Data'!D38 -> RIGHT | E74: ='Grad Raw Data'!E38 -> 2 | G74: 74 | H74: =IF(MOD((G74+2)/1,2)=0,(G74/2+1),"") -> 38
A75: ='Grad Raw Data'!L38 -> BOO-SHAY | G75: 75 | H75: =IF(MOD((G75+2)/1,2)=0,(G75/2+1),"")
A76: ='Grad Raw Data'!I39 -> Danielle | B76: ='Grad Raw Data'!K39 | C76: ='Grad Raw Data'!H39 -> Bowers | D76: ='Grad Raw Data'!D39 -> RIGHT | E76: ='Grad Raw Data'!E39 -> 2 | G76: 76 | H76: =IF(MOD((G76+2)/1,2)=0,(G76/2+1),"") -> 39
A77: ='Grad Raw Data'!L39 -> 0 | G77: 77 | H77: =IF(MOD((G77+2)/1,2)=0,(G77/2+1),"")
A78: ='Grad Raw Data'!I40 -> Lucas | B78: ='Grad Raw Data'!K40 | C78: ='Grad Raw Data'!H40 -> Bowlin | D78: ='Grad Raw Data'!D40 -> RIGHT | E78: ='Grad Raw Data'!E40 -> 2 | G78: 78 | H78: =IF(MOD((G78+2)/1,2)=0,(G78/2+1),"") -> 40
A79: ='Grad Raw Data'!L40 -> bohl-in | G79: 79 | H79: =IF(MOD((G79+2)/1,2)=0,(G79/2+1),"")
A80: ='Grad Raw Data'!I41 -> Kaleb | B80: ='Grad Raw Data'!K41 | C80: ='Grad Raw Data'!H41 -> Brady | D80: ='Grad Raw Data'!D41 -> RIGHT | E80: ='Grad Raw Data'!E41 -> 2 | G80: 80 | H80: =IF(MOD((G80+2)/1,2)=0,(G80/2+1),"") -> 41
A81: ='Grad Raw Data'!L41 -> 0 | G81: 81 | H81: =IF(MOD((G81+2)/1,2)=0,(G81/2+1),"")
A82: ='Grad Raw Data'!I42 -> A.J. | B82: ='Grad Raw Data'!K42 | C82: ='Grad Raw Data'!H42 -> Bramante | D82: ='Grad Raw Data'!D42 -> RIGHT | E82: ='Grad Raw Data'!E42 -> 2 | G82: 82 | H82: =IF(MOD((G82+2)/1,2)=0,(G82/2+1),"") -> 42
A83: ='Grad Raw Data'!L42 -> 0 | G83: 83 | H83: =IF(MOD((G83+2)/1,2)=0,(G83/2+1),"")
A84: ='Grad Raw Data'!I43 -> Ashley | B84: ='Grad Raw Data'!K43 | C84: ='Grad Raw Data'!H43 -> Brown | D84: ='Grad Raw Data'!D43 -> LEFT | E84: ='Grad Raw Data'!E43 -> 2 | G84: 84 | H84: =IF(MOD((G84+2)/1,2)=0,(G84/2+1),"") -> 43
A85: ='Grad Raw Data'!L43 -> 0 | G85: 85 | H85: =IF(MOD((G85+2)/1,2)=0,(G85/2+1),"")
A86: ='Grad Raw Data'!I44 -> Elijah | B86: ='Grad Raw Data'!K44 | C86: ='Grad Raw Data'!H44 -> Brown | D86: ='Grad Raw Data'!D44 -> LEFT | E86: ='Grad Raw Data'!E44 -> 2 | G86: 86 | H86: =IF(MOD((G86+2)/1,2)=0,(G86/2+1),"") -> 44
A87: ='Grad Raw Data'!L44 -> 0 | G87: 87 | H87: =IF(MOD((G87+2)/1,2)=0,(G87/2+1),"")
A88: ='Grad Raw Data'!I45 -> Braeden | B88: ='Grad Raw Data'!K45 | C88: ='Grad Raw Data'!H45 -> Callan | D88: ='Grad Raw Data'!D45 -> LEFT | E88: ='Grad Raw Data'!E45 -> 2 | G88: 88 | H88: =IF(MOD((G88+2)/1,2)=0,(G88/2+1),"") -> 45
A89: ='Grad Raw Data'!L45 -> 0 | G89: 89 | H89: =IF(MOD((G89+2)/1,2)=0,(G89/2+1),"")
A90: ='Grad Raw Data'!I46 -> Nilton | B90: ='Grad Raw Data'!K46 | C90: ='Grad Raw Data'!H46 -> Campos | D90: ='Grad Raw Data'!D46 -> LEFT | E90: ='Grad Raw Data'!E46 -> 2 | G90: 90 | H90: =IF(MOD((G90+2)/1,2)=0,(G90/2+1),"") -> 46
A91: ='Grad Raw Data'!L46 -> 0 | G91: 91 | H91: =IF(MOD((G91+2)/1,2)=0,(G91/2+1),"")
A92: ='Grad Raw Data'!I47 -> Ethan | B92: ='Grad Raw Data'!K47 | C92: ='Grad Raw Data'!H47 -> Cannon | D92: ='Grad Raw Data'!D47 -> LEFT | E92: ='Grad Raw Data'!E47 -> 2 | G92: 92 | H92: =IF(MOD((G92+2)/1,2)=0,(G92/2+1),"") -> 47
G93: 93 | H93: =IF(MOD((G93+2)/1,2)=0,(G93/2+1),"")
A94: ='Grad Raw Data'!I48 -> Lucas | B94: ='Grad Raw Data'!K48 | C94: ='Grad Raw Data'!H48 -> Carcione | D94: ='Grad Raw Data'!D48 -> LEFT | E94: ='Grad Raw Data'!E48 -> 2 | G94: 94 | H94: =IF(MOD((G94+2)/1,2)=0,(G94/2+1),"") -> 48
A95: ='Grad Raw Data'!L48 -> Car-See-O-Nee | G95: 95 | H95: =IF(MOD((G95+2)/1,2)=0,(G95/2+1),"")
A96: ='Grad Raw Data'!I49 -> Nicholas | B96: ='Grad Raw Data'!K49 -> Joseph | C96: ='Grad Raw Data'!H49 -> Casarano | D96: ='Grad Raw Data'!D49 -> LEFT | E96: ='Grad Raw Data'!E49 -> 2 | G96: 96 | H96: =IF(MOD((G96+2)/1,2)=0,(G96/2+1),"") -> 49
A97: ='Grad Raw Data'!L49 -> 0 | G97: 97 | H97: =IF(MOD((G97+2)/1,2)=0,(G97/2+1),"")
A98: ='Grad Raw Data'!I50 -> Maggie | B98: ='Grad Raw Data'!K50 | C98: ='Grad Raw Data'!H50 -> Champlin-Scharff | D98: ='Grad Raw Data'!D50 -> LEFT | E98: ='Grad Raw Data'!E50 -> 2 | G98: 98 | H98: =IF(MOD((G98+2)/1,2)=0,(G98/2+1),"") -> 50
A99: ='Grad Raw Data'!L50 -> 0 | G99: 99 | H99: =IF(MOD((G99+2)/1,2)=0,(G99/2+1),"")
A100: ='Grad Raw Data'!I51 -> Elsa | B100: ='Grad Raw Data'!K51 | C100: ='Grad Raw Data'!H51 -> Chow | D100: ='Grad Raw Data'!D51 -> LEFT | E100: ='Grad Raw Data'!E51 -> 2 | G100: 100 | H100: =IF(MOD((G100+2)/1,2)=0,(G100/2+1),"") -> 51
...

Sheet Grad Pages for Podium
A1: First | B1: Middle | C1: Last | E1: Side | F1: Row
A2: ='Grad Raw Data'!I2 -> Amelia | B2: ='Grad Raw Data'!K2 -> Jane | C2: ='Grad Raw Data'!H2 -> Borawski | E2: ='Grad Raw Data'!D2 -> STAGE | F2: ='Grad Raw Data'!E2 -> STAGE
A4: ='Grad Raw Data'!I3 -> - | B4: ='Grad Raw Data'!K4 | C4: ='Grad Raw Data'!H3 -> - | E4: ='Grad Raw Data'!D4 -> STAGE | F4: ='Grad Raw Data'!E4 -> STAGE
A6: ='Grad Raw Data'!I4 -> Indigo | B6: ='Grad Raw Data'!K4 | C6: ='Grad Raw Data'!H4 -> Boyko | E6: ='Grad Raw Data'!D4 -> STAGE | F6: ='Grad Raw Data'!E4 -> STAGE
A8: ='Grad Raw Data'!I5 -> Jason | B8: ='Grad Raw Data'!K5 | C8: ='Grad Raw Data'!H5 -> Walsh | E8: ='Grad Raw Data'!D5 -> STAGE | F8: ='Grad Raw Data'!E5 -> STAGE
A10: ='Grad Raw Data'!I6 -> Jessica | B10: ='Grad Raw Data'!K6 | C10: ='Grad Raw Data'!H6 -> Wong | E10: ='Grad Raw Data'!D6 -> STAGE | F10: ='Grad Raw Data'!E6 -> STAGE
A12: ='Grad Raw Data'!I7 -> Clara | B12: ='Grad Raw Data'!K7 | C12: ='Grad Raw Data'!H7 -> Healy | E12: ='Grad Raw Data'!D7 -> RIGHT | F12: ='Grad Raw Data'!E7 -> 1
A14: ='Grad Raw Data'!I8 -> Samuel | B14: ='Grad Raw Data'!K8 | C14: ='Grad Raw Data'!H8 -> Hillery | E14: ='Grad Raw Data'!D8 -> RIGHT | F14: ='Grad Raw Data'!E8 -> 1
A16: ='Grad Raw Data'!I9 -> Piper | B16: ='Grad Raw Data'!K9 | C16: ='Grad Raw Data'!H9 -> Martin | E16: ='Grad Raw Data'!D9 -> RIGHT | F16: ='Grad Raw Data'!E9 -> 1
A18: ='Grad Raw Data'!I10 -> Aidan | B18: ='Grad Raw Data'!K10 | C18: ='Grad Raw Data'!H10 -> Mullin | E18: ='Grad Raw Data'!D10 -> RIGHT | F18: ='Grad Raw Data'!E10 -> 1
A20: ='Grad Raw Data'!I11 -> Emma | B20: ='Grad Raw Data'!K11 -> Elizabeth | C20: ='Grad Raw Data'!H11 -> Nelson | E20: ='Grad Raw Data'!D11 -> RIGHT | F20: ='Grad Raw Data'!E11 -> 1
A22: ='Grad Raw Data'!I12 -> Thomas | B22: ='Grad Raw Data'!K12 | C22: ='Grad Raw Data'!H12 -> Stathoulopoulos | E22: ='Grad Raw Data'!D12 -> RIGHT | F22: ='Grad Raw Data'!E12 -> 1
A24: ='Grad Raw Data'!I13 -> Cara | B24: ='Grad Raw Data'!K13 | C24: ='Grad Raw Data'!H13 -> Vitarisi | E24: ='Grad Raw Data'!D13 -> RIGHT | F24: ='Grad Raw Data'!E13 -> 1
A26: ='Grad Raw Data'!I14 -> Jillian | B26: ='Grad Raw Data'!K14 -> Kate | C26: ='Grad Raw Data'!H14 -> Abate | E26: ='Grad Raw Data'!D14 -> RIGHT | F26: ='Grad Raw Data'!E14 -> 1
A28: ='Grad Raw Data'!I15 -> Logan | B28: ='Grad Raw Data'!K15 -> Ford | C28: ='Grad Raw Data'!H15 -> Abrams | E28: ='Grad Raw Data'!D15 -> RIGHT | F28: ='Grad Raw Data'!E15 -> 1
A30: ='Grad Raw Data'!I16 -> Raniya | B30: ='Grad Raw Data'!K16 | C30: ='Grad Raw Data'!H16 -> Abubakar | E30: ='Grad Raw Data'!D16 -> RIGHT | F30: ='Grad Raw Data'!E16 -> 1
A32: ='Grad Raw Data'!I17 -> Luis | B32: ='Grad Raw Data'!K17 | C32: ='Grad Raw Data'!H17 -> Aburto Campos | E32: ='Grad Raw Data'!D17 -> RIGHT | F32: ='Grad Raw Data'!E17 -> 1
A34: ='Grad Raw Data'!I18 -> Devyn | B34: ='Grad Raw Data'!K19 | C34: ='Grad Raw Data'!H18 -> Ahlert | E34: ='Grad Raw Data'!D18 -> RIGHT | F34: ='Grad Raw Data'!E18 -> 1
A36: ='Grad Raw Data'!I19 -> Alexander | B36: ='Grad Raw Data'!K19 | C36: ='Grad Raw Data'!H19 -> Aiello | E36: ='Grad Raw Data'!D19 -> LEFT | F36: ='Grad Raw Data'!E19 -> 1
A38: ='Grad Raw Data'!I20 -> Reese | B38: ='Grad Raw Data'!K20 | C38: ='Grad Raw Data'!H20 -> Allen | E38: ='Grad Raw Data'!D20 -> LEFT | F38: ='Grad Raw Data'!E20 -> 1
A40: ='Grad Raw Data'!I21 -> Fabricio | B40: ='Grad Raw Data'!K21 | C40: ='Grad Raw Data'!H21 -> Amado | E40: ='Grad Raw Data'!D21 -> LEFT | F40: ='Grad Raw Data'!E21 -> 1
A42: ='Grad Raw Data'!I22 -> Joseph | B42: ='Grad Raw Data'!K22 | C42: ='Grad Raw Data'!H22 -> Amirault | E42: ='Grad Raw Data'!D22 -> LEFT | F42: ='Grad Raw Data'!E22 -> 1
A44: ='Grad Raw Data'!I23 -> Brady | B44: ='Grad Raw Data'!K23 | C44: ='Grad Raw Data'!H23 -> Anderson | E44: ='Grad Raw Data'!D23 -> LEFT | F44: ='Grad Raw Data'!E23 -> 1
A46: ='Grad Raw Data'!I24 -> Barrington | B46: ='Grad Raw Data'!K24 | C46: ='Grad Raw Data'!H24 -> Anderson | E46: ='Grad Raw Data'!D24 -> LEFT | F46: ='Grad Raw Data'!E24 -> 1
A48: ='Grad Raw Data'!I25 -> Isabella | B48: ='Grad Raw Data'!K25 | C48: ='Grad Raw Data'!H25 -> Aquino | E48: ='Grad Raw Data'!D25 -> LEFT | F48: ='Grad Raw Data'!E25 -> 1
A50: ='Grad Raw Data'!I26 -> Lucas | B50: ='Grad Raw Data'!K26 | C50: ='Grad Raw Data'!H26 -> Aquino | E50: ='Grad Raw Data'!D26 -> LEFT | F50: ='Grad Raw Data'!E26 -> 1
A52: ='Grad Raw Data'!I27 -> Tiago | B52: ='Grad Raw Data'!K27 | C52: ='Grad Raw Data'!H27 -> Araujo | E52: ='Grad Raw Data'!D27 -> LEFT | F52: ='Grad Raw Data'!E27 -> 1
A54: ='Grad Raw Data'!I28 -> Chloe | B54: ='Grad Raw Data'!K28 | C54: ='Grad Raw Data'!H28 -> Aretusi | E54: ='Grad Raw Data'!D28 -> LEFT | F54: ='Grad Raw Data'!E28 -> 1
A56: ='Grad Raw Data'!I29 -> Evan | B56: ='Grad Raw Data'!K29 | C56: ='Grad Raw Data'!H29 -> Audley | E56: ='Grad Raw Data'!D29 -> LEFT | F56: ='Grad Raw Data'!E29 -> 1
A58: ='Grad Raw Data'!I30 -> Natalie | B58: ='Grad Raw Data'!K30 | C58: ='Grad Raw Data'!H30 -> Austin | E58: ='Grad Raw Data'!D30 -> LEFT | F58: ='Grad Raw Data'!E30 -> 1
A60: ='Grad Raw Data'!I31 -> Vivian | B60: ='Grad Raw Data'!K31 | C60: ='Grad Raw Data'!H31 -> Balas | E60: ='Grad Raw Data'!D31 -> RIGHT | F60: ='Grad Raw Data'!E31 -> 2
A62: ='Grad Raw Data'!I32 -> Kaua | B62: ='Grad Raw Data'!K32 | C62: ='Grad Raw Data'!H32 -> Batista | E62: ='Grad Raw Data'!D32 -> RIGHT | F62: ='Grad Raw Data'!E32 -> 2
A64: ='Grad Raw Data'!I33 -> Carson | B64: ='Grad Raw Data'!K33 | C64: ='Grad Raw Data'!H33 -> Beaulieu | E64: ='Grad Raw Data'!D33 -> RIGHT | F64: ='Grad Raw Data'!E33 -> 2
A66: ='Grad Raw Data'!I34 -> Jahnai | B66: ='Grad Raw Data'!K34 | C66: ='Grad Raw Data'!H34 -> Belfon | E66: ='Grad Raw Data'!D34 -> RIGHT | F66: ='Grad Raw Data'!E34 -> 2
A68: ='Grad Raw Data'!I35 -> Amelia | B68: ='Grad Raw Data'!K35 | C68: ='Grad Raw Data'!H35 -> Benedict | E68: ='Grad Raw Data'!D35 -> RIGHT | F68: ='Grad Raw Data'!E35 -> 2
A70: ='Grad Raw Data'!I36 -> Jamison | B70: ='Grad Raw Data'!K36 | C70: ='Grad Raw Data'!H36 -> Bentley | E70: ='Grad Raw Data'!D36 -> RIGHT | F70: ='Grad Raw Data'!E36 -> 2
A72: ='Grad Raw Data'!I37 -> Dhanya | B72: ='Grad Raw Data'!K37 | C72: ='Grad Raw Data'!H37 -> Bhola | E72: ='Grad Raw Data'!D37 -> RIGHT | F72: ='Grad Raw Data'!E37 -> 2
A74: ='Grad Raw Data'!I38 -> Elizabeth | B74: ='Grad Raw Data'!K38 | C74: ='Grad Raw Data'!H38 -> Boucher | E74: ='Grad Raw Data'!D38 -> RIGHT | F74: ='Grad Raw Data'!E38 -> 2
A76: ='Grad Raw Data'!I39 -> Danielle | B76: ='Grad Raw Data'!K39 | C76: ='Grad Raw Data'!H39 -> Bowers | E76: ='Grad Raw Data'!D39 -> RIGHT | F76: ='Grad Raw Data'!E39 -> 2
A78: ='Grad Raw Data'!I40 -> Lucas | B78: ='Grad Raw Data'!K40 | C78: ='Grad Raw Data'!H40 -> Bowlin | E78: ='Grad Raw Data'!D40 -> RIGHT | F78: ='Grad Raw Data'!E40 -> 2
A80: ='Grad Raw Data'!I41 -> Kaleb | B80: ='Grad Raw Data'!K41 | C80: ='Grad Raw Data'!H41 -> Brady | E80: ='Grad Raw Data'!D41 -> RIGHT | F80: ='Grad Raw Data'!E41 -> 2
A82: ='Grad Raw Data'!I42 -> A.J. | B82: ='Grad Raw Data'!K42 | C82: ='Grad Raw Data'!H42 -> Bramante | E82: ='Grad Raw Data'!D42 -> RIGHT | F82: ='Grad Raw Data'!E42 -> 2
A84: ='Grad Raw Data'!I43 -> Ashley | B84: ='Grad Raw Data'!K43 | C84: ='Grad Raw Data'!H43 -> Brown | E84: ='Grad Raw Data'!D43 -> LEFT | F84: ='Grad Raw Data'!E43 -> 2
A86: ='Grad Raw Data'!I44 -> Elijah | B86: ='Grad Raw Data'!K44 | C86: ='Grad Raw Data'!H44 -> Brown | E86: ='Grad Raw Data'!D44 -> LEFT | F86: ='Grad Raw Data'!E44 -> 2
A88: ='Grad Raw Data'!I45 -> Braeden | B88: ='Grad Raw Data'!K45 | C88: ='Grad Raw Data'!H45 -> Callan | E88: ='Grad Raw Data'!D45 -> LEFT | F88: ='Grad Raw Data'!E45 -> 2
A90: ='Grad Raw Data'!I46 -> Nilton | B90: ='Grad Raw Data'!K46 | C90: ='Grad Raw Data'!H46 -> Campos | E90: ='Grad Raw Data'!D46 -> LEFT | F90: ='Grad Raw Data'!E46 -> 2
A92: ='Grad Raw Data'!I47 -> Ethan | B92: ='Grad Raw Data'!K47 | C92: ='Grad Raw Data'!H47 -> Cannon | E92: ='Grad Raw Data'!D47 -> LEFT | F92: ='Grad Raw Data'!E47 -> 2
A94: ='Grad Raw Data'!I48 -> Lucas | B94: ='Grad Raw Data'!K48 | C94: ='Grad Raw Data'!H48 -> Carcione | E94: ='Grad Raw Data'!D48 -> LEFT | F94: ='Grad Raw Data'!E48 -> 2
A96: ='Grad Raw Data'!I49 -> Nicholas | B96: ='Grad Raw Data'!K49 -> Joseph | C96: ='Grad Raw Data'!H49 -> Casarano | E96: ='Grad Raw Data'!D49 -> LEFT | F96: ='Grad Raw Data'!E49 -> 2
A98: ='Grad Raw Data'!I50 -> Maggie | B98: ='Grad Raw Data'!K50 | C98: ='Grad Raw Data'!H50 -> Champlin-Scharff | E98: ='Grad Raw Data'!D50 -> LEFT | F98: ='Grad Raw Data'!E50 -> 2
A100: ='Grad Raw Data'!I51 -> Elsa | B100: ='Grad Raw Data'!K51 | C100: ='Grad Raw Data'!H51 -> Chow | E100: ='Grad Raw Data'!D51 -> LEFT | F100: ='Grad Raw Data'!E51 -> 2
A102: ='Grad Raw Data'!I52 -> Will | B102: ='Grad Raw Data'!K52 | C102: ='Grad Raw Data'!H52 -> Chute | E102: ='Grad Raw Data'!D52 -> LEFT | F102: ='Grad Raw Data'!E52 -> 2
A104: ='Grad Raw Data'!I53 -> Max | B104: ='Grad Raw Data'!K53 | C104: ='Grad Raw Data'!H53 -> Cinelli | E104: ='Grad Raw Data'!D53 -> LEFT | F104: ='Grad Raw Data'!E53 -> 2
A106: ='Grad Raw Data'!I54 -> Olivia | B106: ='Grad Raw Data'!K54 -> Marie | C106: ='Grad Raw Data'!H54 -> Cirrone | E106: ='Grad Raw Data'!D54 -> LEFT | F106: ='Grad Raw Data'!E54 -> 2
A108: ='Grad Raw Data'!I55 -> Chadley | B108: ='Grad Raw Data'!K55 | C108: ='Grad Raw Data'!H55 -> Civil | E108: ='Grad Raw Data'!D55 -> RIGHT | F108: ='Grad Raw Data'!E55 -> 3
A110: ='Grad Raw Data'!I56 -> Sam | B110: ='Grad Raw Data'!K56 | C110: ='Grad Raw Data'!H56 -> Clark | E110: ='Grad Raw Data'!D56 -> RIGHT | F110: ='Grad Raw Data'!E56 -> 3
A112: ='Grad Raw Data'!I57 -> Thomas | B112: ='Grad Raw Data'!K57 | C112: ='Grad Raw Data'!H57 -> Cockrell | E112: ='Grad Raw Data'!D57 -> RIGHT | F112: ='Grad Raw Data'!E57 -> 3
A114: ='Grad Raw Data'!I58 -> Brady | B114: ='Grad Raw Data'!K58 | C114: ='Grad Raw Data'!H58 -> Comenos | E114: ='Grad Raw Data'!D58 -> RIGHT | F114: ='Grad Raw Data'!E58 -> 3
A116: ='Grad Raw Data'!I59 -> Landen | B116: ='Grad Raw Data'!K59 | C116: ='Grad Raw Data'!H59 -> Connelly | E116: ='Grad Raw Data'!D59 -> RIGHT | F116: ='Grad Raw Data'!E59 -> 3
A118: ='Grad Raw Data'!I60 -> Tim | B118: ='Grad Raw Data'!K60 | C118: ='Grad Raw Data'!H60 -> Connolly | E118: ='Grad Raw Data'!D60 -> RIGHT | F118: ='Grad Raw Data'!E60 -> 3
A120: ='Grad Raw Data'!I61 -> Derek | B120: ='Grad Raw Data'!K61 | C120: ='Grad Raw Data'!H61 -> Connor | E120: ='Grad Raw Data'!D61 -> RIGHT | F120: ='Grad Raw Data'!E61 -> 3
A122: ='Grad Raw Data'!I62 -> Kayla | B122: ='Grad Raw Data'!K62 | C122: ='Grad Raw Data'!H62 -> Cox | E122: ='Grad Raw Data'!D62 -> RIGHT | F122: ='Grad Raw Data'!E62 -> 3
A124: ='Grad Raw Data'!I63 -> John | B124: ='Grad Raw Data'!K63 | C124: ='Grad Raw Data'!H63 -> Coyne | E124: ='Grad Raw Data'!D63 -> RIGHT | F124: ='Grad Raw Data'!E63 -> 3
A126: ='Grad Raw Data'!I64 -> Lily | B126: ='Grad Raw Data'!K64 | C126: ='Grad Raw Data'!H64 -> Crosby | E126: ='Grad Raw Data'!D64 -> RIGHT | F126: ='Grad Raw Data'!E64 -> 3
A128: ='Grad Raw Data'!I65 -> Molly | B128: ='Grad Raw Data'!K65 | C128: ='Grad Raw Data'!H65 -> Crowley | E128: ='Grad Raw Data'!D65 -> RIGHT | F128: ='Grad Raw Data'!E65 -> 3
A130: ='Grad Raw Data'!I66 -> Shea | B130: ='Grad Raw Data'!K66 | C130: ='Grad Raw Data'!H66 -> Cullen | E130: ='Grad Raw Data'!D66 -> RIGHT | F130: ='Grad Raw Data'!E66 -> 3
A132: ='Grad Raw Data'!I67 -> Jacklyn | B132: ='Grad Raw Data'!K67 | C132: ='Grad Raw Data'!H67 -> Cusolito | E132: ='Grad Raw Data'!D67 -> LEFT | F132: ='Grad Raw Data'!E67 -> 3
A134: ='Grad Raw Data'!I68 -> Paige | B134: ='Grad Raw Data'!K68 | C134: ='Grad Raw Data'!H68 -> Cusolito | E134: ='Grad Raw Data'!D68 -> LEFT | F134: ='Grad Raw Data'!E68 -> 3
A136: ='Grad Raw Data'!I69 -> Walick | B136: ='Grad Raw Data'!K69 -> 0 | C136: ='Grad Raw Data'!H69 -> Da Silva | E136: ='Grad Raw Data'!D69 -> LEFT | F136: ='Grad Raw Data'!E69 -> 3
A138: ='Grad Raw Data'!I70 -> Cooper | B138: ='Grad Raw Data'!K70 -> Joseph | C138: ='Grad Raw Data'!H70 -> Dean | E138: ='Grad Raw Data'!D70 -> LEFT | F138: ='Grad Raw Data'!E70 -> 3
A140: ='Grad Raw Data'!I71 -> Happiness | B140: ='Grad Raw Data'!K71 -> Osarugue | C140: ='Grad Raw Data'!H71 -> Deji | E140: ='Grad Raw Data'!D71 -> LEFT | F140: ='Grad Raw Data'!E71 -> 3
A142: ='Grad Raw Data'!I72 -> Jack | B142: ='Grad Raw Data'!K72 | C142: ='Grad Raw Data'!H72 -> Denmark | E142: ='Grad Raw Data'!D72 -> LEFT | F142: ='Grad Raw Data'!E72 -> 3
A144: ='Grad Raw Data'!I73 -> Julie | B144: ='Grad Raw Data'!K73 | C144: ='Grad Raw Data'!H73 -> DiDonato | E144: ='Grad Raw Data'!D73 -> LEFT | F144: ='Grad Raw Data'!E73 -> 3
A146: ='Grad Raw Data'!I74 -> Antonio | B146: ='Grad Raw Data'!K74 -> Joseph | C146: ='Grad Raw Data'!H74 -> DiSerio | E146: ='Grad Raw Data'!D74 -> LEFT | F146: ='Grad Raw Data'!E74 -> 3
A148: ='Grad Raw Data'!I75 -> Dante | B148: ='Grad Raw Data'!K75 | C148: ='Grad Raw Data'!H75 -> DiSerio | E148: ='Grad Raw Data'!D75 -> LEFT | F148: ='Grad Raw Data'!E75 -> 3
A150: ='Grad Raw Data'!I76 -> Caitlin | B150: ='Grad Raw Data'!K76 -> Anne | C150: ='Grad Raw Data'!H76 -> Donaghey | E150: ='Grad Raw Data'!D76 -> LEFT | F150: ='Grad Raw Data'!E76 -> 3
A152: ='Grad Raw Data'!I77 -> Quinn | B152: ='Grad Raw Data'!K77 -> Kendall | C152: ='Grad Raw Data'!H77 -> Donahue | E152: ='Grad Raw Data'!D77 -> LEFT | F152: ='Grad Raw Data'!E77 -> 3
A154: ='Grad Raw Data'!I78 -> Alana | B154: ='Grad Raw Data'!K78 -> Mei-Lin Yamaki | C154: ='Grad Raw Data'!H78 -> Doroquez | E154: ='Grad Raw Data'!D78 -> LEFT | F154: ='Grad Raw Data'!E78 -> 3
A156: ='Grad Raw Data'!I79 -> Cassidy | B156: ='Grad Raw Data'!K79 | C156: ='Grad Raw Data'!H79 -> Duca | E156: ='Grad Raw Data'!D79 -> RIGHT | F156: ='Grad Raw Data'!E79 -> 4
A158: ='Grad Raw Data'!I80 -> Kyle | B158: ='Grad Raw Data'!K80 | C158: ='Grad Raw Data'!H80 -> DuRoss | E158: ='Grad Raw Data'!D80 -> RIGHT | F158: ='Grad Raw Data'!E80 -> 4
A160: ='Grad Raw Data'!I81 -> Sean | B160: ='Grad Raw Data'!K81 | C160: ='Grad Raw Data'!H81 -> DuRoss | E160: ='Grad Raw Data'!D81 -> RIGHT | F160: ='Grad Raw Data'!E81 -> 4
A162: ='Grad Raw Data'!I82 -> William | B162: ='Grad Raw Data'!K82 | C162: ='Grad Raw Data'!H82 -> Dyment | E162: ='Grad Raw Data'!D82 -> RIGHT | F162: ='Grad Raw Data'!E82 -> 4
A164: ='Grad Raw Data'!I83 -> Finn | B164: ='Grad Raw Data'!K83 | C164: ='Grad Raw Data'!H83 -> Ellis | E164: ='Grad Raw Data'!D83 -> RIGHT | F164: ='Grad Raw Data'!E83 -> 4
A166: ='Grad Raw Data'!I84 -> Levi | B166: ='Grad Raw Data'!K84 | C166: ='Grad Raw Data'!H84 -> Emmanuel | E166: ='Grad Raw Data'!D84 -> RIGHT | F166: ='Grad Raw Data'!E84 -> 4
A168: ='Grad Raw Data'!I85 -> Kamryn | B168: ='Grad Raw Data'!K85 | C168: ='Grad Raw Data'!H85 -> Encarnacao | E168: ='Grad Raw Data'!D85 -> RIGHT | F168: ='Grad Raw Data'!E85 -> 4
A170: ='Grad Raw Data'!I86 -> Samuel | B170: ='Grad Raw Data'!K86 | C170: ='Grad Raw Data'!H86 -> Ewald | E170: ='Grad Raw Data'!D86 -> RIGHT | F170: ='Grad Raw Data'!E86 -> 4
A172: ='Grad Raw Data'!I87 -> Kaylie | B172: ='Grad Raw Data'!K87 | C172: ='Grad Raw Data'!H87 -> Fantasia | E172: ='Grad Raw Data'!D87 -> RIGHT | F172: ='Grad Raw Data'!E87 -> 4
A174: ='Grad Raw Data'!I88 -> Vince | B174: ='Grad Raw Data'!K88 | C174: ='Grad Raw Data'!H88 -> Farnham | E174: ='Grad Raw Data'!D88 -> RIGHT | F174: ='Grad Raw Data'!E88 -> 4
A176: ='Grad Raw Data'!I89 -> Colby | B176: ='Grad Raw Data'!K89 | C176: ='Grad Raw Data'!H89 -> Farris | E176: ='Grad Raw Data'!D89 -> RIGHT | F176: ='Grad Raw Data'!E89 -> 4
A178: ='Grad Raw Data'!I90 -> Bryan | B178: ='Grad Raw Data'!K90 | C178: ='Grad Raw Data'!H90 -> Fernandez | E178: ='Grad Raw Data'!D90 -> RIGHT | F178: ='Grad Raw Data'!E90 -> 4
A180: ='Grad Raw Data'!I91 -> Thomas | B180: ='Grad Raw Data'!K91 | C180: ='Grad Raw Data'!H91 -> Fiore | E180: ='Grad Raw Data'!D91 -> LEFT | F180: ='Grad Raw Data'!E91 -> 4
A182: ='Grad Raw Data'!I92 -> Finn | B182: ='Grad Raw Data'!K92 -> Patrick | C182: ='Grad Raw Data'!H92 -> Flaherty | E182: ='Grad Raw Data'!D92 -> LEFT | F182: ='Grad Raw Data'!E92 -> 4
A184: ='Grad Raw Data'!I93 -> Matthew | B184: ='Grad Raw Data'!K93 | C184: ='Grad Raw Data'!H93 -> Forse | E184: ='Grad Raw Data'!D93 -> LEFT | F184: ='Grad Raw Data'!E93 -> 4
A186: ='Grad Raw Data'!I94 -> Jacob | B186: ='Grad Raw Data'!K94 | C186: ='Grad Raw Data'!H94 -> Frank | E186: ='Grad Raw Data'!D94 -> LEFT | F186: ='Grad Raw Data'!E94 -> 4
A188: ='Grad Raw Data'!I95 -> Anthony | B188: ='Grad Raw Data'!K95 | C188: ='Grad Raw Data'!H95 -> Fratto | E188: ='Grad Raw Data'!D95 -> LEFT | F188: ='Grad Raw Data'!E95 -> 4
A190: ='Grad Raw Data'!I96 -> Gavin | B190: ='Grad Raw Data'!K96 | C190: ='Grad Raw Data'!H96 -> Fucarile | E190: ='Grad Raw Data'!D96 -> LEFT | F190: ='Grad Raw Data'!E96 -> 4
A192: ='Grad Raw Data'!I97 -> Cole | B192: ='Grad Raw Data'!K97 | C192: ='Grad Raw Data'!H97 -> Fusco | E192: ='Grad Raw Data'!D97 -> LEFT | F192: ='Grad Raw Data'!E97 -> 4
A194: ='Grad Raw Data'!I98 -> Paul | B194: ='Grad Raw Data'!K98 -> Richard | C194: ='Grad Raw Data'!H98 -> Gaeta | E194: ='Grad Raw Data'!D98 -> LEFT | F194: ='Grad Raw Data'!E98 -> 4
A196: ='Grad Raw Data'!I99 -> Lucas | B196: ='Grad Raw Data'!K99 | C196: ='Grad Raw Data'!H99 -> Gager | E196: ='Grad Raw Data'!D99 -> LEFT | F196: ='Grad Raw Data'!E99 -> 4
A198: ='Grad Raw Data'!I100 -> Nevaeh | B198: ='Grad Raw Data'!K100 | C198: ='Grad Raw Data'!H100 -> Galindo | E198: ='Grad Raw Data'!D100 -> LEFT | F198: ='Grad Raw Data'!E100 -> 4
...

Sheet CD Data
A1: Lane | B1: Number | C1: Turn | D1: Section | E1: Row | F1: Seat | G1: First Name | H1: Last Name | I1: Number
A2: Right Lane | B2: 1 | C2: Turn Right | D2: RIGHT | E2: A | F2: 16 | G2: =VLOOKUP(I2,'Names with Seat Code'!B:E,2) -> Jillian | H2: =VLOOKUP(I2,'Names with Seat Code'!B:E,4) -> Abate | I2: 1
A3: Right Lane | B3: 2 | C3: Turn Right | D3: RIGHT | E3: A | F3: 14 | G3: =VLOOKUP(I3,'Names with Seat Code'!B:E,2) -> Logan | H3: =VLOOKUP(I3,'Names with Seat Code'!B:E,4) -> Abrams | I3: =IF(B2+1<DIRECTIONS!$E$24,B2+1,0) -> 2
A4: Right Lane | B4: 3 | C4: Turn Right | D4: RIGHT | E4: A | F4: 12 | G4: =VLOOKUP(I4,'Names with Seat Code'!B:E,2) -> Raniya | H4: =VLOOKUP(I4,'Names with Seat Code'!B:E,4) -> Abubakar | I4: =IF(B3+1<DIRECTIONS!$E$24,B3+1,0) -> 3
A5: Right Lane | B5: 4 | C5: Turn Right | D5: RIGHT | E5: A | F5: 10 | G5: =VLOOKUP(I5,'Names with Seat Code'!B:E,2) -> Luis | H5: =VLOOKUP(I5,'Names with Seat Code'!B:E,4) -> Aburto Campos | I5: =IF(B4+1<DIRECTIONS!$E$24,B4+1,0) -> 4
A6: Right Lane | B6: 5 | C6: Turn Right | D6: RIGHT | E6: A | F6: 8 | G6: =VLOOKUP(I6,'Names with Seat Code'!B:E,2) -> Devyn | H6: =VLOOKUP(I6,'Names with Seat Code'!B:E,4) -> Ahlert | I6: =IF(B5+1<DIRECTIONS!$E$24,B5+1,0) -> 5
A7: Right Lane | B7: 6 | C7: Turn Right | D7: RIGHT | E7: A | F7: 6 | G7: =VLOOKUP(I7,'Names with Seat Code'!B:E,2) -> Alexander | H7: =VLOOKUP(I7,'Names with Seat Code'!B:E,4) -> Aiello | I7: =IF(B6+1<DIRECTIONS!$E$24,B6+1,0) -> 6
A8: Right Lane | B8: 7 | C8: Turn Right | D8: RIGHT | E8: A | F8: 4 | G8: =VLOOKUP(I8,'Names with Seat Code'!B:E,2) -> Reese | H8: =VLOOKUP(I8,'Names with Seat Code'!B:E,4) -> Allen | I8: =IF(B7+1<DIRECTIONS!$E$24,B7+1,0) -> 7
A9: Right Lane | B9: 8 | C9: Turn Right | D9: RIGHT | E9: A | F9: 2 | G9: =VLOOKUP(I9,'Names with Seat Code'!B:E,2) -> Fabricio | H9: =VLOOKUP(I9,'Names with Seat Code'!B:E,4) -> Amado | I9: =IF(B8+1<DIRECTIONS!$E$24,B8+1,0) -> 8
A10: Right Lane | B10: 9 | C10: Turn Left | D10: CENTER | E10: B | F10: 107 | G10: =VLOOKUP(I10,'Names with Seat Code'!B:E,2) -> Joseph | H10: =VLOOKUP(I10,'Names with Seat Code'!B:E,4) -> Amirault | I10: =IF(B9+1<DIRECTIONS!$E$24,B9+1,0) -> 9
A11: Right Lane | B11: 10 | C11: Turn Left | D11: CENTER | E11: B | F11: 106 | G11: =VLOOKUP(I11,'Names with Seat Code'!B:E,2) -> Brady | H11: =VLOOKUP(I11,'Names with Seat Code'!B:E,4) -> Anderson | I11: =IF(B10+1<DIRECTIONS!$E$24,B10+1,0) -> 10
A12: Right Lane | B12: 11 | C12: Turn Left | D12: CENTER | E12: B | F12: 105 | G12: =VLOOKUP(I12,'Names with Seat Code'!B:E,2) -> Barrington | H12: =VLOOKUP(I12,'Names with Seat Code'!B:E,4) -> Anderson | I12: =IF(B11+1<DIRECTIONS!$E$24,B11+1,0) -> 11
A13: Right Lane | B13: 12 | C13: Turn Left | D13: CENTER | E13: B | F13: 104 | G13: =VLOOKUP(I13,'Names with Seat Code'!B:E,2) -> Isabella | H13: =VLOOKUP(I13,'Names with Seat Code'!B:E,4) -> Aquino | I13: =IF(B12+1<DIRECTIONS!$E$24,B12+1,0) -> 12
A14: Right Lane | B14: 13 | C14: Turn Left | D14: CENTER | E14: B | F14: 103 | G14: =VLOOKUP(I14,'Names with Seat Code'!B:E,2) -> Lucas | H14: =VLOOKUP(I14,'Names with Seat Code'!B:E,4) -> Aquino | I14: =IF(B13+1<DIRECTIONS!$E$24,B13+1,0) -> 13
... A217: Right Lane | B217: 216 | C217: Turn Right | D217: RIGHT | E217: N | F217: 2 | G217: =VLOOKUP(I217,'Names with Seat Code'!B:E,2) -> #N/A | H217: =VLOOKUP(I217,'Names with Seat Code'!B:E,4) -> #N/A | I217: =IF(B216+1<DIRECTIONS!$E$24,B216+1,0) -> 0
A218: Left Lane | B218: 1 | C218: Turn Left | D218: LEFT | E218: A | F218: 11 | G218: =VLOOKUP(I218,'Names with Seat Code'!B:E,2) -> Jonathan | H218: =VLOOKUP(I218,'Names with Seat Code'!B:E,4) -> Lee | I218: =DIRECTIONS!$E$23+B218 -> 132
A219: Left Lane | B219: 2 | C219: Turn Left | D219: LEFT | E219: A | F219: 9 | G219: =VLOOKUP(I219,'Names with Seat Code'!B:E,2) -> Desmond | H219: =VLOOKUP(I219,'Names with Seat Code'!B:E,4) -> Lethin | I219: =DIRECTIONS!$E$23+B219 -> 133
A220: Left Lane | B220: 3 | C220: Turn Left | D220: LEFT | E220: A | F220: 7 | G220: =VLOOKUP(I220,'Names with Seat Code'!B:E,2) -> Katie | H220: =VLOOKUP(I220,'Names with Seat Code'!B:E,4) -> Lewis | I220: =DIRECTIONS!$E$23+B220 -> 134
A221: Left Lane | B221: 4 | C221: Turn Left | D221: LEFT | E221: A | F221: 5 | G221: =VLOOKUP(I221,'Names with Seat Code'!B:E,2) -> Isabelle | H221: =VLOOKUP(I221,'Names with Seat Code'!B:E,4) -> Lightbody | I221: =DIRECTIONS!$E$23+B221 -> 135
A222: Left Lane | B222: 5 | C222: Turn Left | D222: LEFT | E222: A | F222: 3 | G222: =VLOOKUP(I222,'Names with Seat Code'!B:E,2) -> Steven | H222: =VLOOKUP(I222,'Names with Seat Code'!B:E,4) -> Lin | I222: =DIRECTIONS!$E$23+B222 -> 136
A223: Left Lane | B223: 6 | C223: Turn Left | D223: LEFT | E223: A | F223: 1 | G223: =VLOOKUP(I223,'Names with Seat Code'!B:E,2) -> Zackary | H223: =VLOOKUP(I223,'Names with Seat Code'!B:E,4) -> Lizotte | I223: =DIRECTIONS!$E$23+B223 -> 137
A224: Left Lane | B224: 7 | C224: Turn Right | D224: CENTER | E224: B | F224: 108 | G224: =VLOOKUP(I224,'Names with Seat Code'!B:E,2) -> Isla | H224: =VLOOKUP(I224,'Names with Seat Code'!B:E,4) -> Lusk | I224: =DIRECTIONS!$E$23+B224 -> 138
A225: Left Lane | B225: 8 | C225: Turn Right | D225: CENTER | E225: B | F225: 109 | G225: =VLOOKUP(I225,'Names with Seat Code'!B:E,2) -> Lilyana | H225: =VLOOKUP(I225,'Names with Seat Code'!B:E,4) -> Madden | I225: =DIRECTIONS!$E$23+B225 -> 139
A226: Left Lane | B226: 9 | C226: Turn Right | D226: CENTER | E226: B | F226: 110 | G226: =VLOOKUP(I226,'Names with Seat Code'!B:E,2) -> Rosalia | H226: =VLOOKUP(I226,'Names with Seat Code'!B:E,4) -> Maganzini | I226: =DIRECTIONS!$E$23+B226 -> 140
A227: Left Lane | B227: 10 | C227: Turn Right | D227: CENTER | E227: B | F227: 111 | G227: =VLOOKUP(I227,'Names with Seat Code'!B:E,2) -> Trent | H227: =VLOOKUP(I227,'Names with Seat Code'!B:E,4) -> Maganzini | I227: =DIRECTIONS!$E$23+B227 -> 141
A228: Left Lane | B228: 11 | C228: Turn Right | D228: CENTER | E228: B | F228: 112 | G228: =VLOOKUP(I228,'Names with Seat Code'!B:E,2) -> Emma | H228: =VLOOKUP(I228,'Names with Seat Code'!B:E,4) -> Mahoney | I228: =DIRECTIONS!$E$23+B228 -> 142
A229: Left Lane | B229: 12 | C229: Turn Left | D229: LEFT | E229: B | F229: 11 | G229: =VLOOKUP(I229,'Names with Seat Code'!B:E,2) -> Charles | H229: =VLOOKUP(I229,'Names with Seat Code'!B:E,4) -> Maness | I229: =DIRECTIONS!$E$23+B229 -> 143
... A427: Left Lane | B427: 210 | C427: Turn Left | D427: LEFT | E427: N | F427: 1 | G427: =VLOOKUP(I427,'Names with Seat Code'!B:E,2) -> Jiayu | H427: =VLOOKUP(I427,'Names with Seat Code'!B:E,4) -> Zheng | I427: =DIRECTIONS!$E$23+B427 -> 341
